-- phpMyAdmin SQL Dump
-- version 5.2.0
-- https://www.phpmyadmin.net/
--
-- 主機： 127.0.0.1
-- 產生時間： 2023-03-20 06:41:02
-- 伺服器版本： 10.4.25-MariaDB
-- PHP 版本： 8.1.10

SET SQL_MODE = "NO_AUTO_VALUE_ON_ZERO";
START TRANSACTION;
SET time_zone = "+00:00";


/*!40101 SET @OLD_CHARACTER_SET_CLIENT=@@CHARACTER_SET_CLIENT */;
/*!40101 SET @OLD_CHARACTER_SET_RESULTS=@@CHARACTER_SET_RESULTS */;
/*!40101 SET @OLD_COLLATION_CONNECTION=@@COLLATION_CONNECTION */;
/*!40101 SET NAMES utf8mb4 */;

--
-- 資料庫： `teama`
--

-- --------------------------------------------------------

--
-- 資料表結構 `activity`
--

CREATE TABLE `activity` (
  `activity_id` int(11) NOT NULL,
  `activity_name` varchar(255) NOT NULL,
  `activity_datestart` date NOT NULL,
  `activity_dateend` date NOT NULL,
  `activity_pettype` int(10) NOT NULL,
  `activity_time` varchar(255) NOT NULL,
  `activity_location` varchar(255) NOT NULL,
  `activity_decription` text NOT NULL,
  `activity_notice` text NOT NULL,
  `activity_notice2` text NOT NULL,
  `activity_image` text NOT NULL
) ENGINE=InnoDB DEFAULT CHARSET=utf8;

--
-- 傾印資料表的資料 `activity`
--

INSERT INTO `activity` (`activity_id`, `activity_name`, `activity_datestart`, `activity_dateend`, `activity_pettype`, `activity_time`, `activity_location`, `activity_decription`, `activity_notice`, `activity_notice2`, `activity_image`) VALUES
(1, '寵物派對日', '2022-01-01', '2022-01-15', 2, '時間 : 下午2 : 00 - 下午5 : 00', '娛樂館', '新的一年即將開始，新年新希望，邀請毛爸媽與毛寶貝一同聚餐玩樂，透過聚會活動讓寶貝與你拉近距離彼此傳達愛意、心靈溝通，毛主人之間互相交流毛孩秘密，當天特別不一樣，我們特別邀請了寵物溝通師跟心愛寶貝們心靈對話，拉近你與寶貝的距離，現場還為毛爸媽準備身體紓壓及個人運勢鑑定免費體驗唷，作伙來參加有精美小禮物等你喔!', '．本活動適合全年齡層貴賓參加，歡迎提前預約報名。\r\n', '．本次活動有帶寵物限定\"狗狗\"唷 !', 'a8b664da-392b-46cb-b2f3-17b125b67bac.jpg,559312fc-e462-48b0-99dd-fcdc933143d9.jpg'),
(2, '大地闖關蓋章遊戲', '2022-01-16', '2022-01-31', 1, '時間 : 下午15 : 00 - 下午18 : 00', '戶外圓型廣場', '在風和日麗的早晨，秋日金黃色的日光從樹枝間灑落，身旁牠金黃柔順的毛隨著海風輕柔飛揚，我們大腳小腳漫步在伴有淡淡青草香的大片草地上，周圍環繞著一片綠意，帶著毛孩一起闖關吧！結交腳印好朋友、享用美味的毛孩點心，用照片為美好的午後時光留下回憶，作伙來參加有精美小禮物等你喔!', '．本活動適合全年齡層貴賓參加，歡迎提前預約報名。', '．若活動為戶外活動，遇雨取消。', '7bc586a0-c0c3-403a-98f9-037473a9010b.jpg,9a0e5d1a-b3f7-48da-8138-a5d21ae250b9.jpg'),
(3, '毛孩新年裝扮', '2022-02-01', '2022-02-15', 1, '時間 : 上午10 : 30 - 中午 : 12 : 00', '娛樂館', '過年過節儀式感不能少！一年一度的農曆春節，不只你我要穿新衣過新年，家中的毛寶貝當然也要沾沾喜氣。為牠們換上應景的春節穿搭，走春拜年絕對超吸睛，也能趁機拍張全家福，作為最獨一無二的新春賀卡，分享給親朋好友。作伙來參加有精美小禮物等你喔!', '．本活動適合全年齡層貴賓參加，歡迎提前預約報名。', '．若活動為戶外活動，遇雨取消。', '3f18d448-16f4-4f09-8ac5-7c7b0bb06a30.jpg,b136aec7-9a9e-40fd-a994-8dc9a7f3cda4.jpg'),
(4, '毛手毛腳野餐盒DIY', '2022-02-16', '2022-02-28', 1, '時間 : 下午14 : 30 - 下午18 : 00', '戶外圓型廣場', '秋日金黃色的日光從樹枝間灑落，身旁牠金黃柔順的毛隨著海風輕柔飛揚，我們大腳小腳漫步在伴有淡淡青草香的大片草地上，周圍環繞著一片綠意，一起野餐去吧！跟著May專業寵物營養師，用精心規劃的毛孩鮮食食譜，一起來為毛小孩洗手做羹湯吧！為心愛的毛小孩親手捏製充滿愛與營養的飯糰，你一口、我一口，一同度過悠閒的野餐約會，作伙來參加有精美小禮物等你喔!', '．本活動適合全年齡層貴賓參加，歡迎提前預約報名。', '．若活動為戶外活動，遇雨取消。', '295a6f3a-d4a9-48ef-86a0-d6d7ec022e55.jpg,82885058-2ce6-4888-925d-86552ce2cb20.jpg'),
(5, '好 PET 愛游泳', '2022-03-01', '2022-03-15', 2, '時間 : 下午15 : 00 - 下午18 : 00', '寵物海水泳池', '全年無休的寵物海水泳池聽說那兒的海水很清透很冰涼，還有小魚游來游去，游泳對毛孩關節的負擔比起任何運動都小，也讓毛孩的身體更強壯、更健康、走的路更遠喔！泡在海水裡，是炎炎夏日裡獨特的幸福，作伙來參加有精美小禮物等你喔!', '．本活動適合全年齡層貴賓參加，歡迎提前預約報名。', '．若活動為戶外活動，遇雨取消。', '44ba91cb-9a7f-4adb-ba23-893a9bd446d5.jpg,7ad7b66b-c4d9-4d4a-b4f8-00085b91faeb.jpg'),
(6, '奔跑吧！狗小孩', '2022-03-16', '2022-03-31', 2, '時間 : 下午17 : 00 - 下午21 : -00', '戶外圓型廣場', '喜愛戶外活動與路跑的你，是否也曾想帶心愛的狗小孩一起參與活動？狗狗是我們最貼心的家人，我們的孩子，我們更重視他們的健康與足夠的活動空間，一起創造你與狗小孩的回憶，第一場狗小孩專屬路跑 . 邀請您一起陪您的狗小孩來跑步，這次就讓我們化身為陪跑員，陪著你的狗選手來參賽吧！\r\n', '．本活動適合全年齡層貴賓參加，歡迎提前預約報名。', '．若活動為戶外活動，遇雨取消。', '102814ed-b09e-40af-9991-57a2c993d2f5.jpg,36307193-92c5-4384-b6d7-63c60f1c53e9.jpg'),
(7, '喵嗚季', '2022-04-01', '2022-04-15', 3, '時間 : 下午15 : 00 - 下午18 : 00', '戶外圓型廣場', '「喵嗚季」是一場互動性、體驗式的文創與產業節慶，號召具有原創感設計、以貓咪為主題的文創手作職人，還有各種與貓咪或人貓生活所需相關，具備產品開發創意的企業，以多元的呈現吸引愛貓且喜歡原創感商品的知音。三大活動主題:文創世集、喵嗚學堂Food時間，作伙來參加有精美小禮物等你喔!', '．本活動適合全年齡層貴賓參加，歡迎提前預約報名。\r\n', '．若活動為戶外活動，遇雨取消。', '7d4b8caa-2922-4543-8c4b-7bfdfdb9b50f.jpg,23b29002-6271-414a-9843-468034342911.jpg'),
(8, '奔跑吧！狗小孩', '2022-04-16', '2022-04-30', 2, '時間 : 下午16 : 00 - 下午18 : 00', '戶外圓型廣場', '喜愛戶外活動與路跑的你，是否也曾想帶心愛的狗小孩一起參與活動？狗狗是我們最貼心的家人，我們的孩子，我們更重視他們的健康與足夠的活動空間，一起創造你與狗小孩的回憶，第一場狗小孩專屬路跑 . 邀請您一起陪您的狗小孩來跑步，這次就讓我們化身為陪跑員，陪著你的狗選手來參賽吧！', '．本活動適合全年齡層貴賓參加，歡迎提前預約報名。', '．若活動為戶外活動，遇雨取消', '633b801e-fb8a-4eb3-bc88-7c328d01a4f7.jpg,41860fad-4d1b-46a5-8910-2a7ef2a28d13.jpg'),
(9, '毛 選 電 影 院', '2022-05-01', '2022-05-15', 1, '時間 : 下午19 : 00 - 下午21 : 30', '屋頂電影院', '寧靜夜晚，以本館建築夜間光景為背景，或坐或臥木質躺椅，整個城市天際線都是電影布幕的襯底，精選片單特地呼應寵物，在不同空間所營造出的獨特觀影體驗，使得看電影這件小事，變得很不一樣，作伙來參加有精美小禮物等你喔!', '．本活動適合全年齡層貴賓參加，歡迎提前預約報名。\r\n\r\n', '．若活動為戶外活動，遇雨取消。', '0e104a79-f543-46c6-956d-100c58296521.jpg,a1c49f40-c3c8-4eee-9f31-a1f333d583a2.jpg'),
(10, '露天寵物音樂會', '2022-05-15', '2022-05-31', 1, '時間 : 下午16 : 00 - 下午18 : 00', '戶外圓型廣場', '【演出者】-----\r\n指揮：姜智譯Roger Chih-I Chiang, Conductor\r\n曼陀林：陳姵怡Pei-I Chen, Mandolin\r\nTSO青年管弦樂團TSO Youth\r\n\r\n【演出曲目】-----\r\n約翰‧鮑威爾：《馴龍高手》\r\nJohn Powell: \"How to Train Your Dragon\"\r\n\r\n約翰‧威廉斯：《侏羅紀公園》\r\nJohn Williams: \"Jurassic Park\"\r\n\r\n約翰‧威廉斯：《大白鯊》\r\nJohn Williams: \"Jaws\"\r\n\r\n漢斯‧季默：《獅子王》\r\nHans Zimmer: \"Lion King\"\r\n\r\n宮崎駿：《龍貓》\r\nMiyazaki Hayao: \"My Neighbor Totoro\"\r\n\r\n麥可‧吉亞齊諾：《動物方城市》\r\nMichael Giacchino: \"Zootopia\"\r\n\r\n聖桑斯：天鵝\r\nCamille Saint-Saëns: The Swan\r\n\r\n聖桑斯：大象\r\nCamille Saint-Saëns: The Elephant\r\n\r\n安德森：小貓圓舞曲\r\nLeroy Anderson: The Waltzing Cat\r\n\r\n曼西尼：《頑皮豹》\r\nHenry Mancini: \"The Pink Panther\"\r\n\r\n曼西尼：小象走路\r\nHenry Mancini: The Baby Elephant Walk\r\n\r\n佛瑞：孔雀舞曲\r\nGabriel Fauré: Pavane，作伙來參加有精美小禮物等你喔!', '．本活動適合全年齡層貴賓參加，歡迎提前預約報名。\r\n\r\n', '．若活動為戶外活動，遇雨取消。', '2a2ccec6-6836-4528-9b40-6eb00b75cf03.jpg,35bc3fed-c1b6-4abc-96f6-c511da208911.jpg'),
(11, '寵物派對日', '2022-06-01', '2022-06-15', 2, '時間 : 下午2 : 00 - 下午5 : 00', '娛樂館', '毛寶貝中秋聚餐日，月圓人團圓，邀請毛爸媽與毛寶貝一同聚餐玩樂，透過聚會活動讓寶貝與你拉近距離彼此傳達愛意、心靈溝通，毛主人之間互相交流毛孩秘密，當天特別不一樣，我們特別邀請了寵物溝通師跟心愛寶貝們心靈對話，拉近你與寶貝的距離，現場還為毛爸媽準備身體紓壓及個人運勢鑑定免費體驗唷，作伙來參加有精美小禮物等你喔!', '．本活動適合全年齡層貴賓參加，歡迎提前預約報名。\r\n', '．本次活動有帶寵物限定\"狗狗\"唷 !', '085b95ce-d606-4701-8ddb-8887fb1d916d.jpg,3611f2be-53a7-4f13-a949-4cb3102a67f8.jpg'),
(12, '毛手毛腳野餐盒DIY', '2022-06-16', '2022-06-30', 1, '時間 : 下午14 : 30 - 下午18 : 00', '戶外圓型廣場', '秋日金黃色的日光從樹枝間灑落，身旁牠金黃柔順的毛隨著海風輕柔飛揚，我們大腳小腳漫步在伴有淡淡青草香的大片草地上，周圍環繞著一片綠意，一起野餐去吧！跟著May專業寵物營養師，用精心規劃的毛孩鮮食食譜，一起來為毛小孩洗手做羹湯吧！為心愛的毛小孩親手捏製充滿愛與營養的飯糰，你一口、我一口，一同度過悠閒的野餐約會，作伙來參加有精美小禮物等你喔!', '．本活動適合全年齡層貴賓參加，歡迎提前預約報名。', '．若活動為戶外活動，遇雨取消。', 'e4810c5d-3154-4261-9446-bb4f6835efcb.jpg,ad53215d-4069-4a84-9872-0c00720ba282.jpg'),
(13, '喵嗚季', '2022-07-01', '2022-07-15', 3, '時間 : 下午15 : 00 - 下午18 : 00', '戶外圓型廣場', '「喵嗚季」是一場互動性、體驗式的文創與產業節慶，號召具有原創感設計、以貓咪為主題的文創手作職人，還有各種與貓咪或人貓生活所需相關，具備產品開發創意的企業，以多元的呈現吸引愛貓且喜歡原創感商品的知音。三大活動主題:文創世集、喵嗚學堂Food時間，作伙來參加有精美小禮物等你喔!', '．本活動適合全年齡層貴賓參加，歡迎提前預約報名。\r\n', '．若活動為戶外活動，遇雨取消。', '16ebe444-0d45-458d-bc59-ff4014f490f7.jpg,0289f475-349c-46fe-88d9-9b7765054af7.jpg'),
(14, '大地闖關蓋章遊戲', '2022-07-16', '2022-07-31', 1, '時間 : 下午15 : 00 - 下午18 : 00', '戶外圓型廣場', '在風和日麗的早晨，秋日金黃色的日光從樹枝間灑落，身旁牠金黃柔順的毛隨著海風輕柔飛揚，我們大腳小腳漫步在伴有淡淡青草香的大片草地上，周圍環繞著一片綠意，帶著毛孩一起闖關吧！結交腳印好朋友、享用美味的毛孩點心，用照片為美好的午後時光留下回憶，作伙來參加有精美小禮物等你喔!', '．本活動適合全年齡層貴賓參加，歡迎提前預約報名。', '．若活動為戶外活動，遇雨取消。', '08cee6ef-a142-4eda-b029-9bd637da61f3.jpg,e0f75b72-6998-45bc-8400-13b1c08d50be.jpg'),
(15, '奔跑吧！狗小孩', '2022-08-01', '2022-08-15', 2, '時間 : 下午16 : 00 - 下午18 : 00', '戶外圓型廣場', '喜愛戶外活動與路跑的你，是否也曾想帶心愛的狗小孩一起參與活動？狗狗是我們最貼心的家人，我們的孩子，我們更重視他們的健康與足夠的活動空間，一起創造你與狗小孩的回憶，第一場狗小孩專屬路跑 . 邀請您一起陪您的狗小孩來跑步，這次就讓我們化身為陪跑員，陪著你的狗選手來參賽吧！', '．本活動適合全年齡層貴賓參加，歡迎提前預約報名。', '．若活動為戶外活動，遇雨取消', 'b44985b9-b85c-40c3-a7dd-422b2e26760e.jpg,8379e74c-c4e5-4e47-b708-ee5be11115c4.jpg'),
(16, '毛孩裝扮Party', '2022-08-16', '2022-08-31', 1, '時間 : 上午10 : 30 - 中午 : 12 : 00', '娛樂館', '採報名制，流程從海選、預賽至決賽，每一階段都有參加獎，包括決賽第一名狀元獎為 Apple Ipad mini6平板、氣泡水機、阿特博餅馬克杯、阿特博餅筆、消費券50元，預賽限量10名。凡是報名來參加有精美小禮物等你喔!', '．本活動適合全年齡層貴賓參加，歡迎提前預約報名。', '．若活動為戶外活動，遇雨取消。', 'b2b144d7-3f54-45cd-8b05-e0c570dd1b35.jpg,a8a570ae-2143-488e-b3d9-7f483756f506.png'),
(17, '毛孩聖誕裝扮', '2022-09-01', '2022-09-15', 1, '時間 : 下午17 : 00 - 下午21 : -00', ' 交誼廳', '不論品種體型都可以參加，我們特別為毛孩準備聖誕服裝啦～現場換上超可愛的聖誕服飾配件，再到我們精心布置的拍照區拍下回憶，不定期也會有工作人員進行抓拍，看到記得對鏡頭笑一個，期間限定任務，拍照打卡上傳自個人fb/IG 可獲得現場聖誕限量好禮(現場兌換)，趕快報名一起來參加吧!\r\n', '．本活動適合全年齡層貴賓參加，歡迎提前預約報名。', '．若活動為戶外活動，遇雨取消。', 'bfc8e2db-f1c0-4438-9b39-29a439f1a6e7.png,344ee33b-e9cd-4740-a13a-84bdafaefecc.jpg'),
(18, 'DIY洗手作羹湯', '2022-09-16', '2022-09-30', 1, '時間 : 上午10 : 30 - 下午12 : 30', '饗宴聽', '想讓狗寶貝品嘗營養好吃食物，又能在草原上自在的跳舞─PetTalk野餐日讓你兩個願望一次滿足。來和DoggyWillie專研寵物營養學的駐站獸醫師ㅡEllie一起DIY，做出營養比例、熱量正確的鮮食，現場學習潔牙技巧，美好周末與毛寶貝的健康午茶時光，就從學會自己「做鮮食」開始！', '．本活動適合全年齡層貴賓參加，歡迎提前預約報名。', '．若活動為戶外活動，遇雨取消。', 'f1da1497-d011-4b50-9683-a7f47d284e03.jpg,668ccd1f-b8ca-416e-8718-f8f6465fdf93.jpg'),
(19, '喵嗚季', '2022-10-01', '2022-10-15', 3, '15 : 00 - 下午18 : 00', '戶外圓型廣場', '「喵嗚季」是一場互動性、體驗式的文創與產業節慶，號召具有原創感設計、以貓咪為主題的文創手作職人，還有各種與貓咪或人貓生活所需相關，具備產品開發創意的企業，以多元的呈現吸引愛貓且喜歡原創感商品的知音。三大活動主題:文創世集、喵嗚學堂Food時間，作伙來參加有精美小禮物等你喔!', '．本活動適合全年齡層貴賓參加，歡迎提前預約報名。\r\n\r\n', '．若活動為戶外活動，遇雨取消。', 'c26646ef-fd22-4086-8e66-3edf86b757a4.jpg,9c6ab4cd-b211-4b3a-a51b-be11116c11c7.jpg'),
(20, '毛孩聖誕裝扮', '2022-10-16', '2022-10-31', 1, '下午17 : 00 - 下午21 : -00', '交誼廳', '不論品種體型都可以參加，我們特別為毛孩準備聖誕服裝啦～現場換上超可愛的聖誕服飾配件，再到我們精心布置的拍照區拍下回憶，不定期也會有工作人員進行抓拍，看到記得對鏡頭笑一個，期間限定任務，拍照打卡上傳自個人fb/IG 可獲得現場聖誕限量好禮(現場兌換)，趕快報名一起來參加吧!', '．本活動適合全年齡層貴賓參加，歡迎提前預約報名。', '．若活動為戶外活動，遇雨取消。', 'a278c445-f900-4322-8efd-8f29ceb4d3ea.jpg,921cdc20-f43b-4789-8522-744ed832a603.jpg'),
(21, '露天寵物音樂會', '2022-11-01', '2022-11-15', 1, '下午16 : 00 - 下午18 : 00', '戶外圓型廣場', '【演出者】----- 指揮：姜智譯Roger Chih-I Chiang, Conductor 曼陀林：陳姵怡Pei-I Chen, Mandolin TSO青年管弦樂團TSO Youth 【演出曲目】----- 約翰‧鮑威爾：《馴龍高手》 John Powell: \"How to Train Your Dragon\" 約翰‧威廉斯：《侏羅紀公園》 John Williams: \"Jurassic Park\" 約翰‧威廉斯：《大白鯊》 John Williams: \"Jaws\" 漢斯‧季默：《獅子王》 Hans Zimmer: \"Lion King\" 宮崎駿：《龍貓》 Miyazaki Hayao: \"My Neighbor Totoro\" 麥可‧吉亞齊諾：《動物方城市》 Michael Giacchino: \"Zootopia\" 聖桑斯：天鵝 Camille Saint-Saëns: The Swan 聖桑斯：大象 Camille Saint-Saëns: The Elephant 安德森：小貓圓舞曲 Leroy Anderson: The Waltzing Cat 曼西尼：《頑皮豹》 Henry Mancini: \"The Pink Panther\" 曼西尼：小象走路 Henry Mancini: The Baby Elephant Walk 佛瑞：孔雀舞曲 Gabriel Fauré: Pavane，作伙來參加有精美小禮物等你喔!', '．本活動適合全年齡層貴賓參加，歡迎提前預約報名。', '．若活動為戶外活動，遇雨取消。', '2e49e1b6-5592-403c-a4cd-1a83ef3c0628.jpg,0027e395-a9b8-4465-a04d-cffeb7797eb6.jpg'),
(22, '毛 選 電 影 院', '2022-11-16', '2022-11-30', 1, '下午19 : 00 - 下午21 : 30', '屋頂電影院', '寧靜夜晚，以本館建築夜間光景為背景，或坐或臥木質躺椅，整個城市天際線都是電影布幕的襯底，精選片單特地呼應寵物，在不同空間所營造出的獨特觀影體驗，使得看電影這件小事，變得很不一樣，作伙來參加有精美小禮物等你喔!', '．本活動適合全年齡層貴賓參加，歡迎提前預約報名。', '．若活動為戶外活動，遇雨取消。', 'dd5b4db6-fc73-45ef-9fd1-939d0438f6eb.jpg,89a01e9e-3052-4d68-93d7-6112247e7431.jpg'),
(23, '好 PET 愛游泳', '2022-12-01', '2022-12-15', 2, '下午15 : 00 - 下午18 : 00', '寵物海水泳池', '全年無休的寵物海水泳池聽說那兒的海水很清透很冰涼，還有小魚游來游去，游泳對毛孩關節的負擔比起任何運動都小，也讓毛孩的身體更強壯、更健康、走的路更遠喔！泡在海水裡，是炎炎夏日裡獨特的幸福，作伙來參加有精美小禮物等你喔!', '．本活動適合全年齡層貴賓參加，歡迎提前預約報名。', '．若活動為戶外活動，遇雨取消。', '90142b23-8af4-4ce4-8ecb-4abdaeb71d08.jpg,f0de8380-4c1c-4f6e-abb6-74aa8697a55d.jpg'),
(24, '毛孩聖誕裝扮', '2022-12-16', '2022-12-31', 1, '下午18 : 30 - 下午21 : 00', '戶外圓型廣場', '不論品種體型都可以參加，我們特別為毛孩準備聖誕服裝啦～現場換上超可愛的聖誕服飾配件，再到我們精心布置的拍照區拍下回憶，不定期也會有工作人員進行抓拍，看到記得對鏡頭笑一個，期間限定任務，拍照打卡上傳自個人fb/IG 可獲得現場聖誕限量好禮(現場兌換)，趕快報名一起來參加吧!', '本活動適合全年齡層貴賓參加，歡迎提前預約報名。', '若活動為戶外活動，遇雨取消。', '324ca422-328b-4709-a703-5f5e10d64f7d.jpg,15c6d4c7-d00c-4b27-88c1-8e9006e41199.jpg'),
(25, '毛孩新年裝扮', '2023-01-01', '2023-01-31', 1, '上午10 : 30 - 中午 : 12 : 00', '娛樂館', '過年過節儀式感不能少！一年一度的農曆春節，不只你我要穿新衣過新年，家中的毛寶貝當然也要沾沾喜氣。為牠們換上應景的春節穿搭，走春拜年絕對超吸睛，也能趁機拍張全家福，作為最獨一無二的新春賀卡，分享給親朋好友。作伙來參加有精美小禮物等你喔!', '．本活動適合全年齡層貴賓參加，歡迎提前預約報名。', '．若活動為戶外活動，遇雨取消。', '25c0f5f2-c3b0-46fa-8669-dd11748ca00e.jpg,3e9c275d-910b-4df4-b071-345de0c8994e.jpg'),
(26, '毛手毛腳野餐盒DIY', '2023-02-01', '2023-02-28', 1, '下午15 : 00 - 下午18 : 00', ' 戶外圓型廣場', '秋日金黃色的日光從樹枝間灑落，身旁牠金黃柔順的毛隨著海風輕柔飛揚，我們大腳小腳漫步在伴有淡淡青草香的大片草地上，周圍環繞著一片綠意，一起野餐去吧！跟著May專業寵物營養師，用精心規劃的毛孩鮮食食譜，一起來為毛小孩洗手做羹湯吧！為心愛的毛小孩親手捏製充滿愛與營養的飯糰，你一口、我一口，一同度過悠閒的野餐約會，作伙來參加有精美小禮物等你喔!', '．本活動適合全年齡層貴賓參加，歡迎提前預約報名。', '．若活動為戶外活動，遇雨取消。', '24c9c1a1-935e-4bdb-bb16-95c6cc08014e.jpg,74f494de-ab9f-4b7e-b2fd-57b6306c1ad3.jpg'),
(27, '大地闖關蓋章遊戲', '2023-03-01', '2023-03-25', 1, '下午15 : 00 - 下午18 : 00', '戶外圓型廣場', '在風和日麗的早晨，秋日金黃色的日光從樹枝間灑落，身旁牠金黃柔順的毛隨著海風輕柔飛揚，我們大腳小腳漫步在伴有淡淡青草香的大片草地上，周圍環繞著一片綠意，帶著毛孩一起闖關吧！結交腳印好朋友、享用美味的毛孩點心，用照片為美好的午後時光留下回憶，作伙來參加有精美小禮物等你喔!', '．本活動適合全年齡層貴賓參加，歡迎提前預約報名。', '．若活動為戶外活動，遇雨取消。', '5026d6ef-848e-418a-84b5-f75b8d31017f.jpg,e0323de8-3ebe-4926-b70b-e72e96afe08b.jpg'),
(28, '寵物派對日', '2023-03-16', '2023-03-31', 2, '下午2 : 00 - 下午5 : 00', '娛樂館', '毛寶貝聚餐日，邀請毛爸媽與毛寶貝一同聚餐玩樂，透過聚會活動讓寶貝與你拉近距離彼此傳達愛意、心靈溝通，毛主人之間互相交流毛孩秘密，當天特別不一樣，我們特別邀請了寵物溝通師跟心愛寶貝們心靈對話，拉近你與寶貝的距離，現場還為毛爸媽準備身體紓壓及個人運勢鑑定免費體驗唷，作伙來參加有精美小禮物等你喔!', '．本活動適合全年齡層貴賓參加，歡迎提前預約報名。', '．本次活動有帶寵物限定\"狗狗\"唷 !', '692c0612-ad39-4a67-974b-6e98cbd2de64.jpg,dccec272-2df3-472c-8f35-224e40858295.jpg');

-- --------------------------------------------------------

--
-- 資料表結構 `activityform`
--

CREATE TABLE `activityform` (
  `activityform_id` int(11) NOT NULL,
  `activityform_time` datetime NOT NULL,
  `mid` int(11) NOT NULL,
  `activity_id` int(11) NOT NULL,
  `pet_id` int(11) NOT NULL,
  `activityform_state` tinyint(4) NOT NULL DEFAULT 1 COMMENT '1.報名 0.已取消'
) ENGINE=InnoDB DEFAULT CHARSET=utf8mb4;

-- --------------------------------------------------------

--
-- 資料表結構 `activitypettype`
--

CREATE TABLE `activitypettype` (
  `activity_pettype` int(11) NOT NULL,
  `activity_typename` varchar(255) NOT NULL
) ENGINE=InnoDB DEFAULT CHARSET=utf8mb4;

--
-- 傾印資料表的資料 `activitypettype`
--

INSERT INTO `activitypettype` (`activity_pettype`, `activity_typename`) VALUES
(1, '所有'),
(2, '狗狗'),
(3, '貓貓');

-- --------------------------------------------------------

--
-- 資料表結構 `member`
--

CREATE TABLE `member` (
  `mid` int(11) NOT NULL,
  `avatar` varchar(255) CHARACTER SET utf8mb4 NOT NULL,
  `name` varchar(255) CHARACTER SET utf8mb4 NOT NULL,
  `email` varchar(255) NOT NULL,
  `password` varchar(255) CHARACTER SET utf8mb4 NOT NULL,
  `mobile` varchar(255) CHARACTER SET utf8mb4 DEFAULT NULL,
  `birthday` date DEFAULT NULL,
  `address` varchar(255) CHARACTER SET utf8mb4 DEFAULT NULL,
  `hash` varchar(255) CHARACTER SET utf8mb4 NOT NULL,
  `member_status` tinyint(1) NOT NULL DEFAULT 1,
  `created_at` datetime NOT NULL
) ENGINE=InnoDB DEFAULT CHARSET=utf8;

--
-- 傾印資料表的資料 `member`
--

INSERT INTO `member` (`mid`, `avatar`, `name`, `email`, `password`, `mobile`, `birthday`, `address`, `hash`, `member_status`, `created_at`) VALUES
(1, '', '周家豪', 'mail15681@test.com', '', '0918317764', '1999-03-05', '新北市', '', 1, '2023-02-05 21:06:27'),
(2, '', '周冠廷', 'mail43383@test.com', '', '0918174761', '1991-03-10', '嘉義市', '', 1, '2023-02-05 21:06:27'),
(3, '', '周怡婷', 'mail53239@test.com', '', '0918104182', '1999-12-12', '金門縣', '', 1, '2023-02-05 21:06:27'),
(4, '', '梁宗翰', 'mail95245@test.com', '', '0918257983', '1994-06-24', '高雄市', '', 1, '2023-02-05 21:06:27'),
(5, '', '呂宗翰', 'mail16931@test.com', '', '0918958583', '1989-12-18', '澎湖縣', '', 1, '2023-02-05 21:06:27'),
(6, '', '呂雅婷', 'mail71510@test.com', '', '0918326471', '1999-09-07', '彰化縣', '', 1, '2023-02-05 21:06:27'),
(7, '', '劉冠霖', 'mail73375@test.com', '', '0918784739', '1990-06-26', '新竹縣', '', 1, '2023-02-05 21:06:27'),
(8, '', '董雅筑', 'mail63692@test.com', '', '0918402876', '1994-08-04', '宜蘭縣', '', 1, '2023-02-05 21:06:27'),
(9, '', '胡冠廷', 'mail88897@test.com', '', '0918943662', '1985-10-28', '桃園市', '', 1, '2023-02-05 21:06:27'),
(10, '', '袁怡君', 'mail42066@test.com', '', '0918911045', '1993-11-06', '臺中市', '', 1, '2023-02-05 21:06:27'),
(11, '', '蕭宗翰', 'mail19104@test.com', '', '0918299707', '1996-02-06', '新竹市', '', 1, '2023-02-05 21:06:27'),
(12, '', '許冠廷', 'mail95170@test.com', '', '0918500682', '1992-07-25', '宜蘭縣', '', 1, '2023-02-05 21:06:27'),
(13, '', '傅冠廷', 'mail13325@test.com', '', '0918889801', '1988-06-07', '臺東縣', '', 1, '2023-02-05 21:06:27'),
(14, '', '馮雅筑', 'mail35398@test.com', '', '0918492958', '1998-05-24', '南投縣', '', 1, '2023-02-05 21:06:27'),
(15, '', '傅宇軒', 'mail56344@test.com', '', '0918900532', '1993-10-23', '連江縣', '', 1, '2023-02-05 21:06:27'),
(16, '', '周雅婷', 'mail38537@test.com', '', '0918259482', '1995-11-05', '臺東縣', '', 1, '2023-02-05 21:06:27'),
(17, '', '胡宜庭', 'mail44611@test.com', '', '0918108214', '1987-06-12', '連江縣', '', 1, '2023-02-05 21:06:27'),
(18, '', '唐冠廷', 'mail42868@test.com', '', '0918380200', '1994-07-27', '新北市', '', 1, '2023-02-05 21:06:27'),
(19, '', '蕭雅婷', 'mail14374@test.com', '', '0918782994', '1997-08-29', '新竹市', '', 1, '2023-02-05 21:06:27'),
(20, '', '許家瑋', 'mail45324@test.com', '', '0918688918', '1988-09-04', '新竹市', '', 1, '2023-02-05 21:06:27'),
(21, '', '唐怡婷', 'mail87735@test.com', '', '0918235428', '1998-08-31', '屏東縣', '', 1, '2023-02-05 21:06:27'),
(22, '', '張宜庭', 'mail49191@test.com', '', '0918819025', '1993-11-08', '苗栗縣', '', 1, '2023-02-05 21:06:27'),
(23, '', '鄭承翰', 'mail80912@test.com', '', '0918943192', '1993-07-26', '高雄市', '', 1, '2023-02-05 21:06:27'),
(24, '', '徐佳穎', 'mail31864@test.com', '', '0918141109', '1999-01-24', '基隆市', '', 1, '2023-02-05 21:06:27'),
(25, '', '楊鈺婷', 'mail30445@test.com', '', '0918235606', '1991-09-11', '高雄市', '', 1, '2023-02-05 21:06:27'),
(26, '', '蕭宇軒', 'mail58992@test.com', '', '0918616743', '1986-02-04', '嘉義市', '', 1, '2023-02-05 21:06:27'),
(27, '', '梁宇軒', 'mail83330@test.com', '', '0918454529', '1989-10-17', '新竹市', '', 1, '2023-02-05 21:06:27'),
(28, '', '胡冠霖', 'mail78829@test.com', '', '0918647029', '1999-01-11', '基隆市', '', 1, '2023-02-05 21:06:27'),
(29, '', '吳郁婷', 'mail89868@test.com', '', '0918585350', '1994-03-06', '新北市', '', 1, '2023-02-05 21:06:27'),
(30, '', '趙怡君', 'mail90784@test.com', '', '0918283439', '1986-03-17', '雲林縣', '', 1, '2023-02-05 21:06:27'),
(31, '', '程冠宇', 'mail61273@test.com', '', '0918513588', '1985-09-02', '花蓮縣', '', 1, '2023-02-05 21:06:27'),
(32, '', '林家瑋', 'mail19035@test.com', '', '0918730025', '1989-11-24', '新竹縣', '', 1, '2023-02-05 21:06:27'),
(33, '', '何宇軒', 'mail53328@test.com', '', '0918974806', '1999-07-03', '連江縣', '', 1, '2023-02-05 21:06:27'),
(34, '', '張冠霖', 'mail82850@test.com', '', '0918193179', '1986-02-17', '臺北市', '', 1, '2023-02-05 21:06:27'),
(35, '', '鄧怡婷', 'mail73387@test.com', '', '0918226855', '1988-04-06', '新竹市', '', 1, '2023-02-05 21:06:27'),
(36, '', '陳承翰', 'mail65569@test.com', '', '0918613977', '1986-05-26', '花蓮縣', '', 1, '2023-02-05 21:06:27'),
(37, '', '呂佳穎', 'mail39457@test.com', '', '0918977122', '1990-01-10', '臺東縣', '', 1, '2023-02-05 21:06:27'),
(38, '', '周家豪', 'mail63480@test.com', '', '0918585668', '1994-09-04', '金門縣', '', 1, '2023-02-05 21:06:27'),
(39, '', '王鈺婷', 'mail27232@test.com', '', '0918947578', '1999-08-01', '雲林縣', '', 1, '2023-02-05 21:06:27'),
(40, '', '劉彥廷', 'mail71192@test.com', '', '0918570056', '1987-06-16', '桃園市', '', 1, '2023-02-05 21:06:27'),
(41, '', '袁彥廷', 'mail94041@test.com', '', '0918692217', '1990-11-25', '雲林縣', '', 1, '2023-02-05 21:06:27'),
(42, '', '程鈺婷', 'mail18534@test.com', '', '0918439303', '1989-07-05', '桃園市', '', 1, '2023-02-05 21:06:27'),
(43, '', '曾彥廷', 'mail77892@test.com', '', '0918400610', '1999-04-06', '屏東縣', '', 1, '2023-02-05 21:06:27'),
(44, '', '宋宗翰', 'mail18179@test.com', '', '0918555482', '1985-01-19', '宜蘭縣', '', 1, '2023-02-05 21:06:27'),
(45, '', '曹彥廷', 'mail23867@test.com', '', '0918420527', '1999-04-27', '苗栗縣', '', 1, '2023-02-05 21:06:27'),
(46, '', '楊冠宇', 'mail70179@test.com', '', '0918484459', '1991-04-16', '臺東縣', '', 1, '2023-02-05 21:06:27'),
(47, '', '謝宜庭', 'mail50689@test.com', '', '0918782430', '1998-06-30', '嘉義市', '', 1, '2023-02-05 21:06:27'),
(48, '', '鄧鈺婷', 'mail66992@test.com', '', '0918500771', '1999-11-18', '嘉義縣', '', 1, '2023-02-05 21:06:27'),
(49, '', '朱宗翰', 'mail31408@test.com', '', '0918105367', '1991-06-15', '臺北市', '', 1, '2023-02-05 21:06:27'),
(50, '', '周怡婷', 'mail74380@test.com', '', '0918546923', '1993-06-14', '連江縣', '', 1, '2023-02-05 21:06:27'),
(51, '', '趙柏翰', 'mail86950@test.com', '', '0918838407', '1992-04-26', '新竹市', '', 1, '2023-02-05 21:06:27'),
(52, '', '曹怡君', 'mail34295@test.com', '', '0918276887', '1997-01-28', '雲林縣', '', 1, '2023-02-05 21:06:27'),
(53, '', '馬家瑋', 'mail23391@test.com', '', '0918959038', '1992-12-30', '臺北市', '', 1, '2023-02-05 21:06:27'),
(54, '', '徐冠廷', 'mail22266@test.com', '', '0918614135', '1986-07-10', '臺北市', '', 1, '2023-02-05 21:06:27'),
(55, '', '楊彥廷', 'mail35809@test.com', '', '0918620275', '1998-07-23', '臺中市', '', 1, '2023-02-05 21:06:27'),
(56, '', '孫承翰', 'mail90730@test.com', '', '0918377791', '1999-02-20', '臺北市', '', 1, '2023-02-05 21:06:27'),
(57, '', '宋郁婷', 'mail19317@test.com', '', '0918506048', '1999-01-27', '新竹市', '', 1, '2023-02-05 21:06:27'),
(58, '', '董佳穎', 'mail91542@test.com', '', '0918980872', '1995-11-22', '金門縣', '', 1, '2023-02-05 21:06:27'),
(59, '', '徐冠宇', 'mail57831@test.com', '', '0918162461', '1992-05-19', '花蓮縣', '', 1, '2023-02-05 21:06:27'),
(60, '', '王雅筑', 'mail46775@test.com', '', '0918577976', '1988-03-29', '新北市', '', 1, '2023-02-05 21:06:27'),
(61, '', '鄭宜庭', 'mail49543@test.com', '', '0918900426', '1988-08-13', '臺南市', '', 1, '2023-02-05 21:06:27'),
(62, '', '徐家瑋', 'mail20959@test.com', '', '0918165328', '1995-10-22', '基隆市', '', 1, '2023-02-05 21:06:27'),
(63, '', '袁家豪', 'mail66566@test.com', '', '0918613493', '1986-11-14', '宜蘭縣', '', 1, '2023-02-05 21:06:27'),
(64, '', '傅宜庭', 'mail10816@test.com', '', '0918433462', '1992-10-09', '金門縣', '', 1, '2023-02-05 21:06:27'),
(65, '', '趙雅婷', 'mail75939@test.com', '', '0918665779', '1998-01-27', '新竹市', '', 1, '2023-02-05 21:06:27'),
(66, '', '程怡萱', 'mail76354@test.com', '', '0918898022', '1988-01-25', '新北市', '', 1, '2023-02-05 21:06:27'),
(67, '', '孫宜庭', 'mail88798@test.com', '', '0918795840', '1997-08-01', '雲林縣', '', 1, '2023-02-05 21:06:27'),
(68, '', '林承翰', 'mail91356@test.com', '', '0918472545', '1998-04-12', '嘉義縣', '', 1, '2023-02-05 21:06:27'),
(69, '', '韓彥廷', 'mail55907@test.com', '', '0918103673', '1998-11-11', '花蓮縣', '', 1, '2023-02-05 21:06:27'),
(70, '', '於冠霖', 'mail81967@test.com', '', '0918319664', '1987-02-26', '新竹市', '', 1, '2023-02-05 21:06:27'),
(71, '', '羅雅筑', 'mail49136@test.com', '', '0918316515', '1993-06-04', '屏東縣', '', 1, '2023-02-05 21:06:27'),
(72, '', '郭怡婷', 'mail43332@test.com', '', '0918761502', '1987-08-23', '連江縣', '', 1, '2023-02-05 21:06:27'),
(73, '', '董承翰', 'mail85290@test.com', '', '0918581944', '1996-04-17', '南投縣', '', 1, '2023-02-05 21:06:27'),
(74, '', '劉家豪', 'mail76871@test.com', '', '0918818782', '1991-03-17', '雲林縣', '', 1, '2023-02-05 21:06:27'),
(75, '', '王宜庭', 'mail63330@test.com', '', '0918829315', '1989-06-08', '屏東縣', '', 1, '2023-02-05 21:06:27'),
(76, '', '張雅婷', 'mail83448@test.com', '', '0918980355', '1994-08-23', '臺南市', '', 1, '2023-02-05 21:06:27'),
(77, '', '胡雅筑', 'mail50197@test.com', '', '0918278174', '1986-11-30', '雲林縣', '', 1, '2023-02-05 21:06:27'),
(78, '', '吳冠廷', 'mail11027@test.com', '', '0918839601', '1998-07-20', '臺南市', '', 1, '2023-02-05 21:06:27'),
(79, '', '李冠廷', 'mail26361@test.com', '', '0918518948', '1998-01-28', '高雄市', '', 1, '2023-02-05 21:06:27'),
(80, '', '朱怡君', 'mail50603@test.com', '', '0918682657', '1989-06-30', '連江縣', '', 1, '2023-02-05 21:06:27'),
(81, '', '趙宗翰', 'mail81261@test.com', '', '0918756498', '1985-08-30', '屏東縣', '', 1, '2023-02-05 21:06:27'),
(82, '', '林宗翰', 'mail44937@test.com', '', '0918259445', '1987-08-03', '嘉義市', '', 1, '2023-02-05 21:06:27'),
(83, '', '董柏翰', 'mail47548@test.com', '', '0918179174', '1988-08-25', '金門縣', '', 1, '2023-02-05 21:06:27'),
(84, '', '羅冠廷', 'mail97083@test.com', '', '0918336072', '1993-07-27', '臺北市', '', 1, '2023-02-05 21:06:27'),
(85, '', '陳柏翰', 'mail99702@test.com', '', '0918482081', '1985-12-07', '嘉義縣', '', 1, '2023-02-05 21:06:27'),
(86, '', '黃承翰', 'mail12250@test.com', '', '0918314246', '1993-12-10', '澎湖縣', '', 1, '2023-02-05 21:06:27'),
(87, '', '劉冠宇', 'mail29184@test.com', '', '0918145586', '1991-05-12', '高雄市', '', 1, '2023-02-05 21:06:27'),
(88, '', '於佳穎', 'mail22850@test.com', '', '0918739819', '1998-03-09', '桃園市', '', 1, '2023-02-05 21:06:27'),
(89, '', '趙宗翰', 'mail70343@test.com', '', '0918991565', '1987-04-20', '金門縣', '', 1, '2023-02-05 21:06:27'),
(90, '', '馮冠霖', 'mail62548@test.com', '', '0918251477', '1988-11-01', '苗栗縣', '', 1, '2023-02-05 21:06:27'),
(91, '', '傅冠廷', 'mail17155@test.com', '', '0918415813', '1986-01-31', '新北市', '', 1, '2023-02-05 21:06:27'),
(92, '', '袁冠廷', 'mail52020@test.com', '', '0918325692', '1989-08-28', '臺東縣', '', 1, '2023-02-05 21:06:27'),
(93, '', '鄧郁婷', 'mail65764@test.com', '', '0918670565', '1987-04-05', '新竹市', '', 1, '2023-02-05 21:06:27'),
(94, '', '劉彥廷', 'mail63935@test.com', '', '0918387307', '1987-07-16', '桃園市', '', 1, '2023-02-05 21:06:27'),
(95, '', '鄭家瑋', 'mail10057@test.com', '', '0918936894', '1991-08-04', '嘉義縣', '', 1, '2023-02-05 21:06:27'),
(96, '', '董佳穎', 'mail58010@test.com', '', '0918443010', '1993-02-12', '連江縣', '', 1, '2023-02-05 21:06:27'),
(97, '', '何雅婷', 'mail24848@test.com', '', '0918615728', '1995-11-05', '高雄市', '', 1, '2023-02-05 21:06:27'),
(98, '', '彭宇軒', 'mail80727@test.com', '', '0918710104', '1987-12-11', '雲林縣', '', 1, '2023-02-05 21:06:27'),
(99, '', '曹怡婷', 'mail35587@test.com', '', '0918223703', '1997-06-20', '彰化縣', '', 1, '2023-02-05 21:06:27'),
(100, '', '張冠宇', 'mail42325@test.com', '', '0918106326', '1993-10-25', '臺北市', '', 1, '2023-02-05 21:06:27'),
(101, '', '楊承翰', 'mail27394@test.com', '', '0918528018', '1992-05-27', '高雄市', '', 1, '2023-02-05 21:06:27'),
(102, '', '馮宜庭', 'mail41690@test.com', '', '0918969205', '1985-09-07', '苗栗縣', '', 1, '2023-02-05 21:06:27'),
(103, '', '許佳穎', 'mail59236@test.com', '', '0918528138', '1997-09-08', '高雄市', '', 1, '2023-02-05 21:06:27'),
(104, '', '袁怡萱', 'mail24397@test.com', '', '0918283671', '1998-05-28', '新北市', '', 1, '2023-02-05 21:06:27'),
(105, '', '黃冠宇', 'mail20053@test.com', '', '0918880368', '1993-07-08', '桃園市', '', 1, '2023-02-05 21:06:27'),
(106, '', '馮冠宇', 'mail84071@test.com', '', '0918746495', '1992-04-12', '彰化縣', '', 1, '2023-02-05 21:06:27'),
(107, '', '梁佳穎', 'mail94617@test.com', '', '0918453875', '1985-08-07', '南投縣', '', 1, '2023-02-05 21:06:27'),
(108, '', '於怡婷', 'mail79331@test.com', '', '0918483283', '1992-01-21', '臺中市', '', 1, '2023-02-05 21:06:27'),
(109, '', '謝冠廷', 'mail77937@test.com', '', '0918611559', '1989-07-04', '金門縣', '', 1, '2023-02-05 21:06:27'),
(110, '', '劉家豪', 'mail56749@test.com', '', '0918564681', '1991-02-17', '花蓮縣', '', 1, '2023-02-05 21:06:27'),
(111, '', '韓冠廷', 'mail23299@test.com', '', '0918919106', '1990-11-04', '嘉義市', '', 1, '2023-02-05 21:06:27'),
(112, '', '羅承翰', 'mail97711@test.com', '', '0918558610', '1989-07-05', '新竹縣', '', 1, '2023-02-05 21:06:27'),
(113, '', '羅柏翰', 'mail47098@test.com', '', '0918659427', '1994-10-18', '南投縣', '', 1, '2023-02-05 21:06:27'),
(114, '', '朱家瑋', 'mail79737@test.com', '', '0918776306', '1996-12-07', '桃園市', '', 1, '2023-02-05 21:06:27'),
(115, '', '郭雅筑', 'mail25406@test.com', '', '0918275928', '1994-04-28', '臺北市', '', 1, '2023-02-05 21:06:27'),
(116, '', '楊家瑋', 'mail17222@test.com', '', '0918578606', '1991-04-21', '臺中市', '', 1, '2023-02-05 21:06:27'),
(117, '', '李宗翰', 'mail96275@test.com', '', '0918102050', '1994-10-05', '臺中市', '', 1, '2023-02-05 21:06:27'),
(118, '', '袁冠霖', 'mail34132@test.com', '', '0918891466', '1996-03-09', '連江縣', '', 1, '2023-02-05 21:06:27'),
(119, '', '沈詩涵', 'mail17260@test.com', '', '0918164949', '1990-10-31', '新竹縣', '', 1, '2023-02-05 21:06:27'),
(120, '', '黃宜庭', 'mail77273@test.com', '', '0918148550', '1999-03-03', '臺南市', '', 1, '2023-02-05 21:06:27'),
(121, '', '韓郁婷', 'mail63711@test.com', '', '0918237563', '1995-10-18', '基隆市', '', 1, '2023-02-05 21:06:27'),
(122, '', '蕭家瑋', 'mail34110@test.com', '', '0918198664', '1986-06-27', '金門縣', '', 1, '2023-02-05 21:06:27'),
(123, '', '林怡萱', 'mail87360@test.com', '', '0918724045', '1987-10-31', '新竹縣', '', 1, '2023-02-05 21:06:27'),
(124, '', '李宇軒', 'mail97203@test.com', '', '0918240244', '1990-05-20', '雲林縣', '', 1, '2023-02-05 21:06:27'),
(125, '', '劉彥廷', 'mail18066@test.com', '', '0918529955', '1991-09-27', '嘉義市', '', 1, '2023-02-05 21:06:27'),
(126, '', '謝彥廷', 'mail32253@test.com', '', '0918443680', '1990-03-07', '苗栗縣', '', 1, '2023-02-05 21:06:27'),
(127, '', '於承翰', 'mail77938@test.com', '', '0918881500', '1985-02-10', '宜蘭縣', '', 1, '2023-02-05 21:06:27'),
(128, '', '高鈺婷', 'mail52598@test.com', '', '0918522743', '1993-04-10', '基隆市', '', 1, '2023-02-05 21:06:27'),
(129, '', '程怡君', 'mail58998@test.com', '', '0918192852', '1986-01-06', '新竹縣', '', 1, '2023-02-05 21:06:27'),
(130, '', '梁怡婷', 'mail90532@test.com', '', '0918907794', '1997-06-02', '嘉義市', '', 1, '2023-02-05 21:06:27'),
(131, '', '徐詩涵', 'mail20180@test.com', '', '0918521891', '1996-05-10', '高雄市', '', 1, '2023-02-05 21:06:27'),
(132, '', '鄧家豪', 'mail75874@test.com', '', '0918383401', '1986-06-12', '澎湖縣', '', 1, '2023-02-05 21:06:27'),
(133, '', '王詩涵', 'mail81074@test.com', '', '0918911884', '1999-03-01', '宜蘭縣', '', 1, '2023-02-05 21:06:27'),
(134, '', '李詩涵', 'mail10092@test.com', '', '0918200794', '1998-05-23', '基隆市', '', 1, '2023-02-05 21:06:27'),
(135, '', '宋柏翰', 'mail46252@test.com', '', '0918865272', '1991-11-08', '臺東縣', '', 1, '2023-02-05 21:06:27'),
(136, '', '黃宗翰', 'mail46507@test.com', '', '0918109387', '1991-04-15', '臺北市', '', 1, '2023-02-05 21:06:27'),
(137, '', '韓柏翰', 'mail34957@test.com', '', '0918417391', '1999-11-20', '南投縣', '', 1, '2023-02-05 21:06:27'),
(138, '', '袁鈺婷', 'mail29220@test.com', '', '0918583394', '1991-08-05', '嘉義市', '', 1, '2023-02-05 21:06:27'),
(139, '', '彭宗翰', 'mail18173@test.com', '', '0918324633', '1995-10-15', '嘉義市', '', 1, '2023-02-05 21:06:27'),
(140, '', '林怡君', 'mail31499@test.com', '', '0918488953', '1999-03-07', '臺北市', '', 1, '2023-02-05 21:06:27'),
(141, '', '馬雅筑', 'mail17231@test.com', '', '0918117405', '1988-12-26', '花蓮縣', '', 1, '2023-02-05 21:06:27'),
(142, '', '李冠廷', 'mail56495@test.com', '', '0918933277', '1988-10-19', '基隆市', '', 1, '2023-02-05 21:06:27'),
(143, '', '趙宜庭', 'mail50446@test.com', '', '0918130566', '1997-07-12', '金門縣', '', 1, '2023-02-05 21:06:27'),
(144, '', '唐冠宇', 'mail16462@test.com', '', '0918609828', '1987-03-15', '高雄市', '', 1, '2023-02-05 21:06:27'),
(145, '', '何宗翰', 'mail90841@test.com', '', '0918786001', '1999-09-12', '彰化縣', '', 1, '2023-02-05 21:06:27'),
(146, '', '曹郁婷', 'mail44876@test.com', '', '0918960704', '1987-05-26', '臺中市', '', 1, '2023-02-05 21:06:27'),
(147, '', '馬家豪', 'mail29112@test.com', '', '0918330553', '1997-09-10', '新竹市', '', 1, '2023-02-05 21:06:27'),
(148, '', '徐家瑋', 'mail96734@test.com', '', '0918104145', '1987-01-05', '基隆市', '', 1, '2023-02-05 21:06:27'),
(149, '', '梁彥廷', 'mail54143@test.com', '', '0918492934', '1992-08-04', '宜蘭縣', '', 1, '2023-02-05 21:06:27'),
(150, '', '楊宜庭', 'mail83845@test.com', '', '0918212855', '1990-03-09', '新竹縣', '', 1, '2023-02-05 21:06:27'),
(151, '', '郭怡萱', 'mail80603@test.com', '', '0918123864', '1986-05-03', '金門縣', '', 1, '2023-02-05 21:06:27'),
(152, '', '袁宗翰', 'mail78840@test.com', '', '0918959494', '1986-05-08', '苗栗縣', '', 1, '2023-02-05 21:06:27'),
(153, '', '羅家豪', 'mail78931@test.com', '', '0918415241', '1998-07-08', '嘉義市', '', 1, '2023-02-05 21:06:27'),
(154, '', '許詩涵', 'mail81123@test.com', '', '0918670849', '1989-02-04', '嘉義市', '', 1, '2023-02-05 21:06:27'),
(155, '', '劉家豪', 'mail26920@test.com', '', '0918650450', '1992-01-20', '彰化縣', '', 1, '2023-02-05 21:06:27'),
(156, '', '馮柏翰', 'mail82447@test.com', '', '0918427436', '1998-06-23', '屏東縣', '', 1, '2023-02-05 21:06:27'),
(157, '', '黃宜庭', 'mail90821@test.com', '', '0918657264', '1987-08-31', '新竹市', '', 1, '2023-02-05 21:06:27'),
(158, '', '楊宇軒', 'mail85974@test.com', '', '0918427611', '1994-09-30', '南投縣', '', 1, '2023-02-05 21:06:27'),
(159, '', '許宗翰', 'mail24796@test.com', '', '0918341178', '1994-11-17', '南投縣', '', 1, '2023-02-05 21:06:27'),
(160, '', '於怡婷', 'mail85131@test.com', '', '0918133810', '1985-06-19', '臺南市', '', 1, '2023-02-05 21:06:27'),
(161, '', '韓詩涵', 'mail25123@test.com', '', '0918546482', '1991-08-24', '基隆市', '', 1, '2023-02-05 21:06:27'),
(162, '', '朱彥廷', 'mail42148@test.com', '', '0918603598', '1995-10-11', '嘉義市', '', 1, '2023-02-05 21:06:27'),
(163, '', '曹雅筑', 'mail98378@test.com', '', '0918184081', '1989-06-26', '彰化縣', '', 1, '2023-02-05 21:06:27'),
(164, '', '袁怡婷', 'mail57634@test.com', '', '0918234520', '1993-11-11', '花蓮縣', '', 1, '2023-02-05 21:06:27'),
(165, '', '馮雅婷', 'mail42015@test.com', '', '0918756613', '1985-08-11', '雲林縣', '', 1, '2023-02-05 21:06:27'),
(166, '', '王宜庭', 'mail87621@test.com', '', '0918286458', '1990-03-15', '臺中市', '', 1, '2023-02-05 21:06:27'),
(167, '', '高柏翰', 'mail37463@test.com', '', '0918519525', '1988-12-14', '新北市', '', 1, '2023-02-05 21:06:27'),
(168, '', '王郁婷', 'mail29393@test.com', '', '0918326619', '1989-04-17', '雲林縣', '', 1, '2023-02-05 21:06:27'),
(169, '', '許家瑋', 'mail89924@test.com', '', '0918714836', '1996-04-07', '金門縣', '', 1, '2023-02-05 21:06:27'),
(170, '', '於詩涵', 'mail71214@test.com', '', '0918850316', '1989-03-03', '新竹縣', '', 1, '2023-02-05 21:06:27'),
(171, '', '朱雅筑', 'mail78804@test.com', '', '0918972517', '1996-03-25', '嘉義縣', '', 1, '2023-02-05 21:06:27'),
(172, '', '彭怡婷', 'mail89247@test.com', '', '0918402240', '1991-07-31', '金門縣', '', 1, '2023-02-05 21:06:27'),
(173, '', '陳佳穎', 'mail69205@test.com', '', '0918481214', '1997-06-30', '桃園市', '', 1, '2023-02-05 21:06:27'),
(174, '', '傅宜庭', 'mail69385@test.com', '', '0918445424', '1989-06-02', '臺東縣', '', 1, '2023-02-05 21:06:27'),
(175, '', '曾宇軒', 'mail99419@test.com', '', '0918912082', '1986-03-17', '苗栗縣', '', 1, '2023-02-05 21:06:27'),
(176, '', '蕭宗翰', 'mail36112@test.com', '', '0918573852', '1992-08-18', '連江縣', '', 1, '2023-02-05 21:06:27'),
(177, '', '鄭宜庭', 'mail79808@test.com', '', '0918185355', '1996-12-15', '苗栗縣', '', 1, '2023-02-05 21:06:27'),
(178, '', '曾郁婷', 'mail48812@test.com', '', '0918801678', '1990-08-07', '苗栗縣', '', 1, '2023-02-05 21:06:27'),
(179, '', '馬家瑋', 'mail85310@test.com', '', '0918310097', '1991-04-19', '新竹縣', '', 1, '2023-02-05 21:06:27'),
(180, '', '程家豪', 'mail96308@test.com', '', '0918468050', '1987-04-19', '臺北市', '', 1, '2023-02-05 21:06:28'),
(181, '', '韓家豪', 'mail89323@test.com', '', '0918341364', '1990-03-02', '金門縣', '', 1, '2023-02-05 21:06:28'),
(182, '', '劉鈺婷', 'mail89306@test.com', '', '0918447445', '1992-09-26', '金門縣', '', 1, '2023-02-05 21:06:28'),
(183, '', '程彥廷', 'mail53995@test.com', '', '0918143799', '1985-06-01', '嘉義縣', '', 1, '2023-02-05 21:06:28'),
(184, '', '胡柏翰', 'mail85315@test.com', '', '0918578324', '1995-04-10', '花蓮縣', '', 1, '2023-02-05 21:06:28'),
(185, '', '唐佳穎', 'mail59989@test.com', '', '0918781220', '1987-02-12', '嘉義市', '', 1, '2023-02-05 21:06:28'),
(186, '', '陳冠廷', 'mail53719@test.com', '', '0918184122', '1991-12-20', '澎湖縣', '', 1, '2023-02-05 21:06:28'),
(187, '', '鄭怡萱', 'mail75771@test.com', '', '0918472801', '1993-10-15', '新北市', '', 1, '2023-02-05 21:06:28'),
(188, '', '鄧宗翰', 'mail25975@test.com', '', '0918229220', '1999-07-09', '臺東縣', '', 1, '2023-02-05 21:06:28'),
(189, '', '朱冠廷', 'mail78263@test.com', '', '0918573133', '1986-06-27', '苗栗縣', '', 1, '2023-02-05 21:06:28'),
(190, '', '李柏翰', 'mail80829@test.com', '', '0918806186', '1999-05-04', '新竹縣', '', 1, '2023-02-05 21:06:28'),
(191, '', '程佳穎', 'mail89936@test.com', '', '0918342974', '1987-08-09', '嘉義市', '', 1, '2023-02-05 21:06:28'),
(192, '', '鄧冠霖', 'mail55826@test.com', '', '0918642753', '1992-10-02', '嘉義縣', '', 1, '2023-02-05 21:06:28'),
(193, '', '於宇軒', 'mail80747@test.com', '', '0918780186', '1997-12-13', '高雄市', '', 1, '2023-02-05 21:06:28'),
(194, '', '胡冠宇', 'mail95385@test.com', '', '0918649660', '1988-08-03', '新北市', '', 1, '2023-02-05 21:06:28'),
(195, '', '曹彥廷', 'mail25943@test.com', '', '0918467493', '1991-09-25', '雲林縣', '', 1, '2023-02-05 21:06:28'),
(196, '', '董宜庭', 'mail57613@test.com', '', '0918453831', '1988-06-25', '新竹市', '', 1, '2023-02-05 21:06:28'),
(197, '', '吳承翰', 'mail62694@test.com', '', '0918840356', '1993-04-07', '雲林縣', '', 1, '2023-02-05 21:06:28'),
(198, '', '呂怡萱', 'mail66622@test.com', '', '0918396628', '1988-07-08', '桃園市', '', 1, '2023-02-05 21:06:28'),
(199, '', '鄭柏翰', 'mail40325@test.com', '', '0918226774', '1996-01-17', '新竹縣', '', 1, '2023-02-05 21:06:28'),
(200, '', '林冠宇', 'mail98185@test.com', '', '0918187454', '1997-05-20', '嘉義市', '', 1, '2023-02-05 21:06:28'),
(201, '', '測試', 'test@test.com', '', '0918182828', '1997-05-04', '嘉義市', '', 0, '2023-02-05 21:44:00'),
(202, '', 'tester', 'tester@test.com', '$2a$10$1aDTCi2Dy/GNOrTaKOwZ9OO1OvCl/CXVgRXV6BBSt94yMioUoY2Ry', '', NULL, '', '', 0, '2023-02-05 22:24:01'),
(203, '', '許美光', 'mail0101@mail.com', '', '0934827938', '2023-02-28', '新北市', '', 1, '2023-02-05 22:27:30'),
(204, '', 'aaa', 'kris@gmail.com', '$2a$10$fpEXDD1jvKhNGftE5qGB3OdpQMt6F3W6w/LmHr/J0g7cIwFgh6dK2', '0977777777', '2022-11-11', '', '', 1, '2023-02-07 10:35:25'),
(205, '', 'aaa', 'kris123@gmail.com', '$2a$10$S5cLgkbxRyd2BY2O4vOHseJokLlfyNTGROgPS8JyopV1vccAJaSSe', '0977777777', '2022-11-11', '', '', 1, '2023-02-07 10:57:09'),
(206, '', 'dkjfksjdkskjf', 'testmail@mail.com', '', '0928374746', '2022-12-13', 'kljwlkjslkdjsd', '', 1, '2023-02-10 09:09:48'),
(208, '', '王小莉', 'abc@gmail.com', '$2a$10$J6muse2P4woUQQJoTyDSXOWsN4jQtn7NDvR.7SQzlGFO2QH8YIvUq', NULL, '2023-02-03', '', '', 1, '2023-02-16 17:42:17'),
(209, '', '王小飛', 'aaa@gmail.com', '$2a$10$PRc4qsJO09lHYUGFx8J5l.VYhq3ZhJ7NlLxVHGDo.oO6fmx32HbVy', '0933482123', '2023-02-03', '', '', 1, '2023-02-16 17:44:06'),
(210, '', '王小帥', 'tester1234567@gmail.com', '$2a$10$/pg.n04ji3cM7qrUltAlQufzcaG295tRVfDhG252QHQWmNkeBMU6i', '0911132324', '2023-01-12', '', '', 1, '2023-02-16 17:47:57'),
(211, '', '小羊', 'tester13579@test.com', '$2a$10$rIv.SoXKDj8iuCeus8MQgOlSJrMUs7E0NvAKCU8l9sAMlTxnc83hG', '092334123', '2023-02-03', '', '', 1, '2023-02-16 17:50:13'),
(212, '', 'aaaaa', 'bbb123@gmail.com', '$2a$10$CtMbPfXFcZi.CJsl5dcQyezyrVysv44.Irus6p4ZsKuYQbbtvwiTa', '0911132324', '2023-02-03', '', '', 1, '2023-02-16 17:52:20'),
(213, '', 'aaaaabbb', 'asdad@cocos.com', '$2a$10$zbI9.4/bS1KcmNR5O47uDen3.JjNnsnGJJlkSNAr45fGv8wEVY0jO', '0933482123', '2023-02-03', '', '', 1, '2023-02-16 18:03:03'),
(214, '', '阿傑', 'jay@gmail.com', '$2a$10$y7F5pot/xhl.6FM03qTtkuVAZyM5AdzJmwN3B6N4zhd/6vipLjHo6', '0923857374', '2022-12-06', '', '', 1, '2023-02-17 00:02:51'),
(215, '', 'Nancy Hsu', 'nancy@gmail.com', '$2a$10$Hk0NBXzK1t9Eq9DM/OPxle6m3wuiqcS0tZ9iKHwmL4OPy00ffUjFq', NULL, '2023-02-04', '', '', 1, '2023-02-17 14:34:09'),
(216, '', '王莉莉', 'lily123@gmail.com', '$2a$10$0lCjY00Yv3AllSIcqdFnSetlNqjCDynfkdnpm8HAwUAMPXZjpSsFC', NULL, '1994-03-17', '', '', 1, '2023-02-17 14:37:50'),
(217, '', '王大富', 'food@gmail.com', '$2a$10$2dDHWGmOBBPSBwDj5V84ZeMBkZ.YTyr/2QJoKYhPXQTjV82NdQVFK', NULL, '2023-02-03', '', '', 1, '2023-02-17 18:12:23'),
(218, '', '大明', 'Ming@gmail.com', '$2a$10$6gBjjPkmQMRE8Mo6nRra9.FtbUp2m5pw0hO0zhl1XdWVB.20Go.Oa', NULL, '2023-02-01', '', '', 1, '2023-02-19 00:43:50'),
(219, '', '小胖', 'PONPON@gmail.com', '$2a$10$s0lduQo6RucqltVBWoOxGecsRWhUyz5eG7r/ZNqMoO67h7Nj1ecYu', '0912583759', '2002-05-31', '高雄市大寮區', '', 0, '2023-02-19 16:53:11'),
(221, '', '汪汪汪', 'wang@wang.com', '$2a$10$HBxWT66e9Waof.QmtjehcuHtwkWjG2DPhZtgVAXbLz2ShjwcbCjVG', '0918375827', '2008-06-03', '高雄市小港區', '', 1, '2023-03-09 22:34:03'),
(222, '', '楊芳禎', 'yang@test.com', '$2a$10$DymxrM8nC3V6/KpRnV2pCOG/twZEfA3OMU8MPhji5jJW5RJnKPOSy', '0900999000', '1998-02-04', '中正四路211號', '', 1, '2023-03-11 23:02:26'),
(224, '', 'aaaaa', 'asd@test123.com', '$2a$10$cbrWFO8z21gXbdIfMbQNuucUp3JChTpWctrdT8WqTCWgdCnCdpLLS', '0911176767', '2013-02-13', '高雄市三民區', '', 0, '2023-03-14 01:04:57'),
(225, '', 'CHU-YA HSU', 't199511137@gmail.com', '$2a$10$pFyGiD6tt//56jThkGZ1ZuRh3L.reHfg1D8.L1vkgXsdjDyxcxnZC', '09325647234', '2015-01-20', 'Grünberger Str. 1912', '', 0, '2023-03-14 01:17:32'),
(226, '', 'aaaaa', 'asdasda@gmail.com', '$2a$10$4SEETv4pVDXdWurOsCE1XuVx2YIJxQGkNE9T/3OvT0J8tSrf6Jaku', '0911176767', NULL, '', '', 1, '2023-03-14 11:21:14'),
(227, '', '我是仙女', 'yuni85113@gmail.com', '$2a$10$LMIAT2g/HuC0aEK.dUA3QehInYA.R0t.vf5bs6ZmtgZz8HATk7ev.', '0928372817', '2010-12-27', '新北勢三重區', '', 1, '2023-03-14 12:18:03'),
(228, '', '會員測試員', 'aabbcc@gmail.com', '$2a$10$Oy2rpm0piaARYq/o5uJNYeOIjdlvjDaCeDgG7f2N3lUUThJAZZNVe', '0977777777', '2022-11-11', '', '', 1, '2023-03-15 16:44:26'),
(229, '', '王美美', 't199511137@gmail.com', '$2a$10$T06K6i5ROJrJQeHSjstw0uE/.8o3NTvmbtJLgNYD5u5dFw.p3LLI.', '0938482937', '2023-03-01', 'Grünberger Str. 190', '', 1, '2023-03-17 09:49:26'),
(230, '', '王美莉', 'prettygirl1122@gmail.com', '$2a$10$i0yuAnrJoq9MmPmoU9elMeFmRDwPUG8yBR47NNM0XkQN.U5IqTqfO', '0938482938', '2023-02-28', 'SDDSDF', '', 1, '2023-03-20 02:11:23');

-- --------------------------------------------------------

--
-- 資料表結構 `od`
--

CREATE TABLE `od` (
  `order_id` int(11) NOT NULL,
  `member_id` int(11) NOT NULL,
  `status` tinyint(1) NOT NULL COMMENT '0:未付款\r\n1:已付款',
  `payment_method` tinyint(1) NOT NULL COMMENT '1:Line Pay\r\n2:貨到付款\r\n3:現場付款',
  `order_date` datetime NOT NULL,
  `recipient_name` varchar(50) NOT NULL,
  `recipient_address` text NOT NULL,
  `recipient_phone` varchar(20) NOT NULL
) ENGINE=InnoDB DEFAULT CHARSET=utf8mb4;

--
-- 傾印資料表的資料 `od`
--

INSERT INTO `od` (`order_id`, `member_id`, `status`, `payment_method`, `order_date`, `recipient_name`, `recipient_address`, `recipient_phone`) VALUES
(2, 225, 0, 2, '2023-03-19 22:30:48', 'CHU-YA HSU', 'Grünberger Str. 1912', '09325647234');

-- --------------------------------------------------------

--
-- 資料表結構 `od_detail`
--

CREATE TABLE `od_detail` (
  `order_detail_id` int(11) NOT NULL,
  `order_id` int(11) NOT NULL,
  `product_id` int(11) NOT NULL,
  `type_id` int(11) NOT NULL,
  `product_quantity` int(11) NOT NULL,
  `product_price` int(11) NOT NULL
) ENGINE=InnoDB DEFAULT CHARSET=utf8mb4;

--
-- 傾印資料表的資料 `od_detail`
--

INSERT INTO `od_detail` (`order_detail_id`, `order_id`, `product_id`, `type_id`, `product_quantity`, `product_price`) VALUES
(1, 2, 25, 4, 1, 90),
(2, 2, 24, 4, 1, 155),
(3, 2, 1, 2, 1, 2000);

-- --------------------------------------------------------

--
-- 資料表結構 `pet`
--

CREATE TABLE `pet` (
  `pet_id` int(11) NOT NULL,
  `pet_name` varchar(255) NOT NULL,
  `pet_type` varchar(255) NOT NULL COMMENT '	',
  `pet_gender` varchar(255) NOT NULL,
  `mid` int(11) NOT NULL
) ENGINE=InnoDB DEFAULT CHARSET=utf8mb4;

--
-- 傾印資料表的資料 `pet`
--

INSERT INTO `pet` (`pet_id`, `pet_name`, `pet_type`, `pet_gender`, `mid`) VALUES
(1, '可可', '貓', '男生', 222),
(2, '大大', '貓', '男生', 225),
(3, '小可愛', '貓', '男生', 225);

-- --------------------------------------------------------

--
-- 資料表結構 `product`
--

CREATE TABLE `product` (
  `product_id` int(11) NOT NULL,
  `product_type` int(11) NOT NULL,
  `product_name` varchar(50) NOT NULL,
  `product_class` varchar(50) NOT NULL,
  `product_price` int(11) NOT NULL,
  `product_descripttion` text NOT NULL,
  `product_unit` varchar(50) NOT NULL,
  `product_image` varchar(255) NOT NULL
) ENGINE=InnoDB DEFAULT CHARSET=utf8mb4;

--
-- 傾印資料表的資料 `product`
--

INSERT INTO `product` (`product_id`, `product_type`, `product_name`, `product_class`, `product_price`, `product_descripttion`, `product_unit`, `product_image`) VALUES
(1, 2, 'why dogpoo?', '寵物訓練', 2000, '菜洗名老師分享獨家訓練狗狗上廁所的經驗談!您還苦惱自家的狗寶貝不乖，總是亂大小便嗎?藉由這堂課來充分了解該怎麼做!', '1堂74小時', '396bba09-8477-445c-b0dc-007c7b1e7b2b.jpg'),
(2, 2, 'playballwithDog', '寵物互動', 980, '您家的狗寶貝喜歡戶外活動嗎?這堂課由林東東老師分享如何陪狗狗一起開心玩球!', '1堂34小時', '2cb1a541-a9ce-4ea4-ae4b-3a7a9b73e3da.jpg'),
(3, 2, '寵物概論', '寵物知識', 400, '您知道寵物嗎?讓蔡東東老師告訴您所有寵物的基本知識!', '1堂72小時', '07e4e55e-8b62-46bd-9836-62f5c5e83b29.jpg'),
(4, 2, '寵物進階', '寵物知識', 700, '由蔡西西老師指導寵物的進階觀念，讓您對寵物的各方面知識都能夠大大加分!', '1堂43小時', '13265beb-5c4b-4176-b19e-f8e635bfda80.jpg'),
(5, 2, '寵物清潔', '寵物照顧', 300, '林小美老師一步一步教導幫寵物洗澡。', '1堂4小時', 'a0038ef1-35ea-4208-b445-352a24b8265e.jpg'),
(6, 2, '寵物美容', '寵物照顧', 650, '寵物美容是時下很流行的話題，許多飼主希望自家的毛小孩都能保持漂漂亮亮，怎麼做呢?讓王大明老師示範美容DIY的每一步，輕鬆無負擔學習美容技巧!', '1堂15小時', 'b91b7ad0-1c7d-4ae1-98ea-690d466b8722.jpg'),
(7, 2, '開心遛狗', '寵物互動', 280, '跟著薛小小老師一起去遛狗!薛小小老師根據自身養狗10年的經驗，來分享如何與狗狗互動，了解他們，帶著他們去戶外開心地玩耍!', '1堂26小時', '017d7ac4-4ac7-4995-b975-91e56ebae540.jpg'),
(8, 2, 'withcat陪貓咪', '寵物互動', 280, '金多多老師根據自身養貓10年的經驗，來分享如何與貓進行互動，了解他們，提供他們正確的、需要的照顧及陪伴!機會難得!', '1堂17小時', '4a64a2a5-b872-4cc0-ab86-99bb442abfe0.jpg'),
(9, 2, '貓跳台設計', '寵物互動', 500, '難得一見的跳台設計，貓咪最喜歡到處跳到處摸索了，這次由設計師山閒閒指點跳台的設計理念，讓貓咪永遠不無聊!', '1堂29小時', '07b591cb-f725-43de-a6bf-d200357ce0a7.jpg'),
(10, 2, '紀錄寵物點滴', '寵物互動', 300, '攝影師崁綿綿精心紀錄的寵物每一刻，包含了平常與寵物互動的點點滴滴，希望與讀者分享與寵物互動的喜悅。', '1堂20小時', '1f202380-ecb6-4162-b7bf-406ec9e2d90e.jpg'),
(11, 2, '貓毛清理', '寵物照顧', 150, '金多多老師根據自身養貓10年的經驗，來分享如何清理貓毛，快速、方便、又有效，讓您不再煩惱毛問題。', '1堂11小時', 'addc6004-6c19-4f8a-9717-58da63a72318.jpg'),
(12, 2, '貓砂挑選', '寵物知識', 150, '金多多老師根據自身養貓10年的經驗，來分享挑選貓砂，快速、方便、又有效，讓您不再煩惱貓砂問題。', '1堂12小時', 'abb27b85-af2d-40c4-a51e-743e2e9c1739.jpg'),
(13, 2, 'dOgcare', '寵物照顧', 500, '狗狗好照顧嗎?需要知道什麼?您知道寵物嗎?讓蔡東東老師告訴您養狗的基本知識，如何照顧狗狗，讓他們平安健康的成長!', '1堂14小時', '07c78a2d-dd15-4fee-a216-75eccb02afe9.jpg'),
(14, 2, '你家的貓不理你?', '寵物互動', 300, '為什麼貓會不理你?就讓金多多老師根據自身養貓10年的經驗，來分享如何善待您家的貓咪，了解他們到底在想什麼，對症下藥來增進與寵物之間的關係!', '1堂36小時', '2cb2333a-779c-423a-87ad-779a6e44d286.jpg'),
(15, 2, '狗狗吃飯訓練', '寵物訓練', 400, '訓練狗狗是件麻煩事，如何讓自家的狗寶貝學會指示是很花時間的，所以讓汪飛飛老師來教您怎麼處理訓練方面的事情!', '1堂29小時', '599d85f6-fdac-4bb9-bb1d-fe0c6346c3d1.jpg'),
(16, 2, 'doGsitdown', '寵物訓練', 200, '訓練狗狗是件麻煩事，如何讓自家的狗寶貝學會指示是很花時間的，所以讓汪飛飛老師來教您怎麼處理訓練方面的事情!', '1堂30小時', 'b43e7033-c2f0-44eb-afa0-78a145240cce.jpg'),
(17, 2, '狗狗障礙賽培訓', '寵物訓練', 1900, '您家的狗寶貝是很有潛力的!別看他們平常悠閒乖乖的樣子，只要讓林就得大師秀一兩手，就會激發出狗寶貝的競爭力!', '1堂81小時', '084bb8be-c500-476e-8369-10edc06b4c14.jpg'),
(18, 2, '心愛的狗狗', '寵物互動', 650, '咚咚老師分享自身與狗狗相處5年的心得感想。', '1堂24小時', '5912cb4d-9540-4235-91db-d07c662ad5f5.jpg'),
(19, 3, '單人房', 'single', 1200, '一小床(3.5呎*6.2呎)', '1間', '27a60a25-a691-4b74-afdc-5ba3ab02e152.jpg,\r\nsingle-3.jpg,\r\nquadruple -2.jpg,\r\ntripple-single-1.jpg,\r\ntripple-single-2.jpg\r\n\r\n'),
(20, 3, '標準雙人房', 'double', 1800, '一大床(5呎*6.6呎)', '1間', 'b6d7f686-7f41-4052-9e26-1e5a0acd089c.jpg,\r\nstandard-3.jpg,\r\ntwin-standard-4.jpg,\r\ntwin-standard-2.jpg,\r\ntwin-standard-1.jpg'),
(21, 3, '三人房', 'tripple', 2400, '一小床 (3.5呎*6.2呎),一大床 (5呎*6.6呎)', '1間', 'c58d2221-c3be-4c71-b123-e051d65bc21c.jpg,\r\ntripple-single-1.jpg,\r\ntripple-single-2.jpg,\r\ntripple-3.jpg,\r\ntripple-single-toilet-4.jpg'),
(22, 3, '雙床雙人房', 'twin-double-room', 1800, '二小床 (3.5呎*6.2呎)', '1間', '880f9f43-6646-4af6-999b-67f39797c5d9.jpg,\r\ntwin-standard-1.jpg,\r\ntwin-standard-2.jpg,\r\ntwin-3.jpg,\r\ntwin-standard-4.jpg\r\n\r\n'),
(23, 3, '四人房', 'quadruple room', 3000, '二大床 (5呎*6.6呎)', '1間', '7e3fbd3f-5d0c-43dd-a432-03f82c4cf93b.jpg,\r\nquadruple-1.jpg,\r\nquadruple-2.jpg,\r\nquadruple-3.jpg,\r\nquadruple-4.jpg'),
(24, 4, '蜂蜜水', '香醇飲品', 155, '清涼的蜂蜜果汁', '1壺', 'a7e2e0d7-7f3b-4968-8d23-4724595d62c3.jpg'),
(25, 4, '西瓜汁', '香醇飲品', 90, '新鮮西瓜現榨而成，清爽可口，含豐富的水分和營養成分，是夏日解渴的最佳選擇。', '一杯', '3956daa1-c2d7-44f0-bead-2f0ea409bed8.jpg'),
(26, 4, '雞腿', '罐頭零嘴', 100, '好', '一隻', 'c319df78-0cc3-4b6a-8534-96de1df8237c.jpg'),
(27, 4, '炸雞', '風味餐點', 100, '肉質軟嫩外皮酥脆的炸雞', '一份', 'f621a4f9-88e5-4df1-9a07-11939807f8d6.jpg'),
(28, 4, '咖啡', '香醇飲品', 85, '帶有獨特的苦澀味和迷人的香氣。', '1杯', 'c1f64ea3-ef2b-44ab-8390-215e6da61446.jpg'),
(29, 4, '燉雞湯', '風味餐點', 180, '用新鮮的雞肉和蔬菜，經過長時間的燉煮後，湯汁濃郁鮮美。', '一鍋', '9f3a88b0-570c-45fe-a2b8-ce7ee713af3b.jpg'),
(30, 4, '牛肉漢堡', '風味餐點', 80, '新鮮的牛肉餡料，加上香氣十足的調味料，搭配上鬆軟的麵包。', '一個', '7dcf9b70-a53a-4089-8459-a571ecab60e2.jpg'),
(31, 4, '煎豬排', '風味餐點', 170, '新鮮雞肉，先用麵粉、蛋液、麵包粉等裹上，再經過油炸或平底鍋煎煮，讓其外酥內嫩。', '一份', '5e547674-bd02-4e0f-bf5d-5690408cbb3c.jpg'),
(32, 4, '蜜汁叉燒', '風味餐點', 110, '腌製後經過特殊燒烤技巧，再加上蜜糖、醬油等調味料的混合，讓肉質鮮嫩多汁', '一份', '57a1aea0-efec-49b7-ab53-7f2c899afdda.jpg'),
(33, 4, '檸檬茶', '香醇飲品', 135, '以新鮮檸檬和茶葉釀製而成，口感酸甜適中，讓人清爽怡人，還能消除疲勞，提高警覺性。', '1壺', '30dce0a8-dbd5-470d-b3e6-2ddf62c0a90d.jpg'),
(34, 4, '菊花茶', '香醇飲品', 90, '菊花茶是一種非常受歡迎的傳統茶飲，由新鮮菊花泡製而成，口感清新甘美，有助於舒緩壓力、緩解疲勞、鎮定神經等作用。菊花茶還有一個非常好的特點是它可以與其他食材配合使用，例如糖、檸檬等，增添茶的風味和口感。', '1壺', '00c4feca-a7f5-4cba-b0d7-2741cf527d5d.jpg'),
(35, 4, '草莓泡芙', '精緻甜點', 85, '草莓泡芙是一款以泡芙作為外殼，填裝草莓和奶油餡料的甜點。草莓泡芙外殼酥脆，內餡清爽，甜度適中，草莓鮮美，奶油香滑，讓人一口接一口。', '1個', 'c7d5106e-8da8-4fbf-85ed-3e7f2c69db0f.jpg'),
(36, 4, '鬆餅', '精緻甜點', 90, '是一款蓬鬆的煎餅，常常搭配果醬、奶油和水果等配料食用。鬆餅口感柔軟，外層香脆，內部松軟，非常適合早餐或下午茶時間享用。', '一份', 'ca5373cc-6432-4823-b2a3-b623d0aa6a11.jpg'),
(37, 4, '莓果慕斯', '精緻甜點', 130, '以草莓為主要原料製成的慕斯甜點。草莓慕斯口感細膩，口味清新甜美，草莓的酸甜味和慕斯的柔軟口感完美結合，讓人彷彿置身於草莓園中。', '1杯', '39ab85fd-5ba0-4abd-b193-4122f2304bee.jpg'),
(38, 4, '提拉米蘇', '精緻甜點', 65, '提拉米蘇是一款來自意大利的傳統甜點，以蛋糕、香酒、咖啡和香甜的馬斯卡彭起司等為主要原料。提拉米蘇口感豐富，濃郁的奶油與軟綿的蛋糕融合，咖啡的苦澀與香酒的醇香搭配恰到好處，是一款非常受歡迎的甜品。', '一份', '54ea72fb-b8c3-4572-a0d1-a3a0538186e7.jpg'),
(39, 4, '草莓蛋糕', '精緻甜點', 70, '草莓蛋糕是一款融合了草莓的蛋糕。口感濃郁，草莓裝飾增添了點綴和清新感，兩種風味完美結合，讓人回味無窮。', '一份', '7342436c-758d-4aeb-8b4a-c4109fb6da3e.jpg'),
(40, 4, '草莓醬蛋糕', '精緻甜點', 80, '是一款非常受歡迎的甜品。', '一份', '995516b7-9f08-45b4-9a31-5a834eabd3a6.jpg'),
(41, 4, 'Nightlife Icee Drink', '香醇飲品', 180, '是一種夜生活風格的冰飲料，。它的基本成分包括碳酸水、果汁、糖漿、冰塊等。在調製過程中，常常會加入薄荷葉、柑橘類水果、水果粒等食材，讓飲品更加清新、爽口。Cocktail Bar Nightlife Icee Drink也可以依照不同的口味和配料調整成各式各樣的風味，例如藍莓口味、芒果口味、草莓口味等。通常，這種飲料會搭配夜生活的音樂和氛圍，讓人們在燈光、音樂和冰涼飲品的陪伴下，享受著屬於夜生活的狂歡氛圍。', '1杯', '4d83c1af-aa35-4edd-9b2a-c662ccdc0ca9.jpg'),
(42, 4, '煎牛排', '風味餐點', 130, '頂級牛肉煎製而成', '110', '10b5344b-c9c5-4659-8c50-7fe5c9acc7ef.jpg'),
(43, 4, '寵物肉乾', '寵物專區', 60, '由優質雞胸肉製成，高蛋白、低脂肪，適合給狗狗當做健康的零食。', '一份', 'd7069b2a-79c7-403c-9330-f90cc509636c.jpg'),
(44, 4, '牛肉乾', '寵物專區', 80, '以純天然的牛肉為主要原料，經過特殊處理後，具有美味的口感和營養價值。', '一份', 'a6ab8cb5-490e-4d31-86d7-f99c5bc67e9d.jpg'),
(45, 4, '三文魚配蔬菜', '寵物專區', 150, '豐富的Omega-3脂肪酸，有助於保持毛髮健康，並支持心臟和關節健康。', '一份', 'fd72de74-fdd2-486f-bdd1-5fa3717eb8bb.jpg'),
(46, 4, '鴨肉配南瓜', '寵物專區', 130, '易於消化，含有豐富的維生素和礦物質。', '一份', '07617759-db3f-47e2-aeeb-3926e895b747.jpg'),
(47, 4, '紫薯火雞', '寵物專區', 110, '紫薯富含抗氧化劑，火雞則是一種低脂肪，高蛋白質的肉類。', '一份', '3dcc71e4-41e9-493e-ae9c-fd8c91e3f648.jpg'),
(48, 4, '紅蘿蔔肉糙米', '寵物專區', 70, '以紅蘿蔔和豬肉製成，口感清爽，含有豐富的維生素和礦物質', '一份', '6511302e-0709-4fec-9621-ab39e27ec268.jpg'),
(56, 1, '草杯杯 (貓草)', '零食玩具', 50, '日本進口貓草，辦公室療癒小盆栽。 \r\n天然貓草幫助貓咪腸胃蠕動，減少毛球症。\r\n【保存方式】\r\n★冷藏約3個月、室溫約1個月。\r\n★因台灣天氣較為潮濕，建議盡快種植。', '1瓶', '2ec63fa6-99d2-4dfd-a35b-098abfee7359.jpg,25a8be65-6ab7-4bc6-a556-b0b5f39bd87c.jpg,d3e35673-5703-4d2b-9d42-f78c447e6f3a.jpg,c14c8b45-677b-45b2-8454-31a6e723d068.jpg'),
(57, 1, '熟齡犬 高纖低脂配方', '犬貓飼料', 442, '商品特色:5種天然蔬果,7種綜合益生菌,8種綜合酵素', '2kg/包', '41d15c2a-dbe1-44da-b273-d592fd6ba020.jpg,90bcba2f-2e9f-4643-bb53-2e58ea378ce0.jpg,4c4a21db-f236-4022-829f-34d5d912289c.jpg,2c1fec62-9821-4266-8bda-a324d3d670b3.jpg,f01b5546-717b-4646-bdf7-f5725d1982ce.jpg'),
(59, 1, '沛可寵鮮餐罐85g', '犬貓罐頭', 90, '添加鱉蛋粉、牛磺酸\r\n湯汁質地則偏濃稠一點，能巴附在肉絲上\r\n整體新鮮不腥口，口感肉質滑嫩不乾柴，\r\n同時能為孩子補充大量水分', '2入/1組', '0b6bcee8-7b18-4b21-887e-46aeca2d7f71.jpg,8b7d1744-469d-47e0-9c5e-fc8ec3fc8732.jpg,06e39afd-e8f6-4c15-9fd2-f9f42bb32134.png,14819ac5-b376-447f-af16-4198fcccde98.png,f230165b-3de3-47cf-a549-8520c4b34990.jpg,a430c861-3063-4069-af73-6b89ce662d77.jpg'),
(60, 1, '夏日寵物涼感巾 小藍花', '外出用品', 129, '新款夏日冰冰透項圈來啦\r\n就是要冰冰涼涼的感覺\r\n冰冰透 迅速降溫感受涼爽\r\n持續降溫10小時 外出也不怕熱\r\n可水洗 反覆使用', '1條', '6b8b2f03-d084-4745-bc4f-11a78ea7a3c3.jpg,308254d0-684e-4f23-a4f0-409f88ba8757.jpg'),
(61, 1, '陽光鈣補營養粉', '保健用品', 712, '然海藻鈣和乳酸鈣，搭配專利菊苣多醣及酪蛋白磷酸肽，打造良好的鈣質吸收環境，維持骨骼健康！\r\n易溶於水\r\n吸收更好\r\n幫助狗貓補鈣', '250g/瓶', '7152941c-4e74-4166-bb37-6bc10c9cd5d7.jpg,85f959a9-a086-433e-9824-e711b0a8ab32.jpg,4e22b7c0-ca80-4511-b39b-03515d0d0cc3.jpg,28f16c37-e290-40bf-9ebc-2d5b9f3a4a28.png'),
(62, 1, '吸水釋香魔法貓砂', '居家用品', 1250, '遇水後釋\"香\"\r\n分解除臭:包覆異味的同時，從內部分解異味\r\n不易帶出:釋香貓砂顆粒大小適中，不卡指縫', '2.75kg/6入', 'a7450133-00df-4a6d-b0ef-3a4147e92d05.jpg,104ae438-48ff-4559-bf85-2621e2c32c29.jpg,f9cbe603-0833-4a72-981e-b2919f45ec19.jpg,1dfaaa18-5e78-4699-9afa-a46cd38f7822.jpg'),
(63, 1, 'N-bone芙洛塔螺旋潔牙條', '零食玩具', 359, '綠藻雞肉風味+蘋果羊肉風味\r\n非硬度為主的潔牙骨，是以添加日本專利柿子單寧的消臭成份為重點\r\n添加含有多種營養素的成份，如：綠藻萃取、綜合蔬菜酵素…\r\n特別適合換牙期間之幼犬、牙口差之熟齡犬及吃軟不吃硬的狗狗們', '80g/包', '2d99f015-e195-4676-8262-9d9b0baef044.jpg,b117ea3d-310b-490b-bb2d-60c77ab7acb9.jpg,e70fa86e-6659-45e7-a86c-e001e350792d.jpg'),
(64, 1, '可折疊拉桿外出包', '外出用品', 1490, '深灰色(32x26x49公分)\r\n商品特色\r\n全面透氣好舒適\r\n任何地形都輕鬆克服\r\n超大空間，圓滾滾貓輕鬆裝', '1入', '8bf655d9-ed09-4c6f-bbcc-21303407bd21.jpg,cc715f47-9a8b-4070-aafd-ee9b567705a0.jpg,8df83f07-d5bb-4b0a-b612-fca961e596ee.jpg'),
(65, 1, '野生海魚全犬配方', '犬貓飼料', 699, '無穀低敏\r\n平價天然糧，這是你更好的選擇。」\r\n第一饗宴 FirstMate，除了是少數連年上榜 WDJ 的品牌，\r\n更是直接被 DFA (Dog Food Advisor) 評比 4.5 顆星的加拿大平價五星級飼料！', '2.3kg/包', '7d43d088-1e24-42b5-9753-a7b8da43053f.jpg,a57a832b-3666-416b-97f7-ef2a0e977bbd.jpg,6497dbb6-1dc0-4ab4-9243-a8909a5a3258.jpg,0e744e79-554f-4020-ac0f-08e216d2df2e.jpg'),
(66, 1, '犬貓外出多功能提籃', '外出用品', 1278, '透明頂部及側部可隨時觀察寵物舉動\r\n\r\n固定寵物位置確保行車安全\r\n頂部側部都設有門方便寵物進出\r\n平時在家可用作寵物屋，給寵物安全感', '1個', 'a53494f5-b11c-496b-9f1c-82c6311e8094.jpg,d5c1e9d5-2a85-4a19-b16d-a6fc3f6ee23c.jpg,77024a63-6ea8-448e-b5eb-6271e6932321.jpg'),
(67, 1, 'L\'chic CA-TUMBLE', '零食玩具', 390, '增加親子互動樂趣，\r\n內藏食物增加毛孩興趣。\r\n透過玩樂紓解毛孩壓力!!\r\n使用天然塑料降低誤食疑慮，\r\n上下可旋開方便清洗。', '1入', 'de150f4c-03b8-4aa5-9aac-ba4ee49ae028.jpg,0f7600bb-df3a-4305-9690-fc34f2af23f4.jpg,1026547d-127c-468b-8686-efce88fde650.jpg'),
(68, 1, '汪汪解悶自動漏食球', '零食玩具', 499, '汪汪解悶神器! 滾滾漏食多玩法超耐玩!\r\n‧可容納380ml容量的乾糧及零食\r\n‧可調整兩個出食口，通過開口大小控制遊戲難易程度\r\n‧當停止使用時，會自動進入待機狀態節能省電', '1個', '8428cbbc-076c-4fe9-a993-3fc2ea8f07b6.jpg,a1695e04-1c57-493b-b072-ec44ce883513.jpg,9b16af7e-3652-4763-9ecf-279cdce58ecd.jpg'),
(69, 1, '沁檸蘭草防蚤洗毛精', '外出用品', 520, '草本養護汪汪專用 ，香檸檬果油、柑橘:形成防護環境，蟲蟲不來。\r\n薰衣草、甘草萃取:草本鎮定，狗狗不再東抓西抓', '500ml/瓶', '96c3cba5-f095-4b6d-a013-4b91300ac79e.jpg,2cfd54ea-8810-449c-a8e7-b5cf02c369d5.jpg,fda4ae16-708e-404a-96e4-e20cc1e4c099.jpg,70fbb42a-5832-4c9c-846e-b006a448fc95.jpg,e8140258-012b-4e03-af87-209f9d1aaa32.jpg,3457f6de-989d-4351-87ac-3e0fb8373eb6.jpg'),
(70, 1, '西莎自然素材無穀嚐鮮組', '犬貓', 338, '(自然素材餐盒85克x5入(口味各1) + 西莎點心x1包/不挑款),\r\n西莎®自然素材系列餐盒，\r\n源自保有清新空氣和純淨水源的澳洲大地，孕育出的健康優質肉品，再融合多色田園蔬菜，每㇐口都是健康營養好滋味。\r\n嚴選澳洲新鮮食材 (優質鮮肉+田園蔬菜)。', '6入/組', 'ee934660-c481-413e-a4a1-a5d1efc5d18d.jpg,b3fd4f8a-0a68-49dd-ae58-573c3fe3ed27.jpg,29253de1-1319-4104-bcf2-214f5f70f52c.jpg'),
(71, 1, '【厚肉肉 雙拼6入組】', '犬貓罐頭', 339, '營養主食橘罐80克【混罐】(6入)(貓主食罐頭)【口味隨機不挑款】\r\n本組合內含: 厚肉肉 營養貓主食罐系列  x6。\r\n成分:雞肉、熬煮雞湯、火雞肉、雞油、雞肝、雞心、滴雞精、綜合維生素\r\n蛋黃粉、海藻鈣、紅蘿蔔、柴魚粉、洋車前子、綜合胺基酸、酵母\r\n粉、萌萌粉、牛磺酸、絲蘭粉、B-聚葡萄糖。', '80g/6入', '26d48d3d-4c42-46f6-b5f4-e0f2761b6552.jpg,0be1464f-4cdf-42a7-90aa-a905aba98341.jpg,c9a4b1aa-b084-4f94-8cf5-0a72b86e06ed.jpg'),
(72, 1, '【雞肉薏仁燉金薯佐時蔬】餐包', '犬貓罐頭', 104, '低脂、低熱量的在地好滋味，\r\n台灣在地雞胸肉，搭配雞胗、鵪鶉蛋等台灣在地新鮮食材，採用【高溫高壓的滅菌方式】燉煮而成營養均衡的健康餐，完全不需添加任何防腐劑等人工化學原料，給毛寶貝最天然、最健康的頂級美味。', '150g/包', '6f5ef6e9-41fc-446d-9d6b-4fa881e2707d.jpg,7569e097-ed78-4a37-993f-033911a9ec13.jpg,922267ea-735d-47ae-80f1-932ad4bc81f6.jpg,156dead6-a7e0-41f0-aebb-8ffeefceab10.jpg,858a22ce-87fa-4558-90ce-7263eacc52b9.jpg'),
(73, 1, 'SUPER小白主食罐', '犬貓罐頭', 330, '80克/1入【雞鵪鶉*黑木耳】。\r\n添加超級食物【黑木耳】－保健心血管、調養燥熱體質！\r\n零澱粉、零穀物、無添加爭議性膠類。\r\n符合AAFCO&NRC建議之營養標準，適合全齡犬隻食用。', '6入/組', '32139bd4-c1dc-43c8-ae92-ba329af22387.jpg,15080934-d167-4dfb-91fb-95ea301b3863.png,5eb39525-ae69-4e59-a4d7-ebb22ad3896d.png,08eb785b-0623-4d0e-94e4-e5511b92764c.png,e3bbda05-2c11-4bd6-ad99-021605f3a225.png'),
(74, 1, '天然無穀糧 雞肉石榴', '犬貓飼料', 1250, 'FARMINA 法米納為WDJ推薦品牌，DFA五星級最高評鑑\r\n法米納不使用基改食材，食材由產地直送安全無顧慮\r\n新鮮肉塊無肉粉，品質好又健康\r\n即時生產、新鮮美味\r\n真空鍍膜機，營養完整包覆不流失\r\n使用雙螺桿擠出機，提高 25% 消化率，營養更好吸收\r\n●無穀系列 \r\n含 70%高品質肉、30%水果蔬菜，保健食品添加並不含任何穀物，不使用任何下雜肉', '2.5kg/包', '40fd03b1-16c6-44e5-b576-ab3089d11603.jpg,b7ebad66-e0ac-4f4f-8d5a-33f3c985d5d7.jpg,05c331a3-76ce-418c-a01a-fb35fb6ec329.jpg,f1e5a051-53f4-4e75-bd40-c3e23358e7c4.jpg'),
(75, 1, '全犬配方 天然鮭魚糙米', '犬貓飼料', 990, 'WDJ連年推薦Recommended by The Whole Dog Journal凍乾純肉噴灑技術，營養更豐富 不含黃豆、玉米、小麥 添加益生菌，促進消化系統健康', '4.5磅/包', 'b69807d2-6ada-4e14-bcd7-8602645e970c.jpg,dac02e3d-db06-43d0-8cb6-1a7c0f469207.jpg,2c19fa46-6588-4739-9770-e44deead1a3a.jpg'),
(76, 1, '犬用野菜棒【南瓜】', '零食玩具', 85, '鬆脆美味棒狀餅乾，採用日本當地種植蔬菜，含有豐富的維生素，礦物質和食物纖維。\r\n\r\n不使用麵粉，無麩質零食。\r\n\r\n非油炸製作。', '30g/包', '541425c0-812d-4c28-bf57-6b8dd542db12.jpg,18f94b9d-2ddb-446e-809f-d913389b6c85.jpg,656ab2e5-bd5b-4bc6-bb6f-10f1aeb8fbe5.jpg,eb58c55a-aa05-40a4-8be8-c292bc1d0c47.jpg'),
(77, 1, 'Grandma Lucy\'s 有機餅乾【藍莓】', '零食玩具', 299, '露西奶奶有機餅乾【藍莓】\r\n全天然美國有機認證\r\n人用級食材 可素食\r\n不添加人工香料 防腐劑', '397g/包', '55cbd510-4f1b-44f6-86d6-5f10d317e504.jpg,d4437c7a-e855-413e-b149-758503200a3a.jpg,d0fd2587-c9af-49e3-9c71-67527369d7b7.jpg,9725a88d-326a-474d-b79b-afa1af5ae23b.jpg'),
(78, 1, '雞肉鮭魚無穀成犬糧', '犬貓飼料', 3040, '無穀高含肉量,優質蛋白質營養易吸收適口性佳,提供均衡營養,精實體態養成\r\n85%肉類蛋白質,絕佳適口性\r\n人類食用等級食材,品質有保證\r\n高含肉量,適口性全面升級\r\n零穀物、零麩質,遠離過敏源。', '10kg/包', '5f9cb4cd-161b-4ed3-b079-7a26d13c9a2d.jpg,9c37d330-c0ad-4ee2-abad-ff05d1547e89.jpg,7062c3d7-9fe8-459e-bc74-e2892aad0953.jpg,c92abc9a-31e8-47e8-bf13-d4ef59e11c08.jpg');

-- --------------------------------------------------------

--
-- 資料表結構 `product_likes`
--

CREATE TABLE `product_likes` (
  `sid` int(11) NOT NULL,
  `mid` int(11) NOT NULL,
  `product_id` int(11) NOT NULL,
  `type_id` int(11) NOT NULL,
  `created_at` datetime NOT NULL DEFAULT current_timestamp()
) ENGINE=InnoDB DEFAULT CHARSET=utf8;

--
-- 傾印資料表的資料 `product_likes`
--

INSERT INTO `product_likes` (`sid`, `mid`, `product_id`, `type_id`, `created_at`) VALUES
(37, 225, 8, 2, '2023-03-19 01:01:34'),
(38, 225, 19, 3, '2023-03-19 01:01:46');

-- --------------------------------------------------------

--
-- 資料表結構 `product_type`
--

CREATE TABLE `product_type` (
  `type_id` int(11) NOT NULL,
  `type_name` varchar(50) NOT NULL
) ENGINE=InnoDB DEFAULT CHARSET=utf8mb4;

--
-- 傾印資料表的資料 `product_type`
--

INSERT INTO `product_type` (`type_id`, `type_name`) VALUES
(1, '商品'),
(2, '課程'),
(3, '住宿'),
(4, '餐點');

-- --------------------------------------------------------

--
-- 資料表結構 `sessions`
--

CREATE TABLE `sessions` (
  `session_id` varchar(128) CHARACTER SET utf8mb4 COLLATE utf8mb4_bin NOT NULL,
  `expires` int(11) UNSIGNED NOT NULL,
  `data` mediumtext CHARACTER SET utf8mb4 COLLATE utf8mb4_bin DEFAULT NULL
) ENGINE=InnoDB DEFAULT CHARSET=utf8mb4;

--
-- 傾印資料表的資料 `sessions`
--

INSERT INTO `sessions` (`session_id`, `expires`, `data`) VALUES
('-AURBk38kxRJK9xNSbZ-bIGHfp1HxajN', 1679336377, '{\"cookie\":{\"originalMaxAge\":null,\"expires\":null,\"httpOnly\":true,\"path\":\"/\"},\"user\":{\"id\":225,\"email\":\"t199511137@gmail.com\",\"name\":\"CHU-YA HSU\"}}'),
('74_P8aOwJ4xM8r8tbGiNjhkl6qEBc7nS', 1679335899, '{\"cookie\":{\"originalMaxAge\":null,\"expires\":null,\"httpOnly\":true,\"path\":\"/\"},\"user\":{\"id\":230,\"email\":\"prettygirl1122@gmail.com\",\"name\":\"王美莉\"}}'),
('7Iu-7Dt3ij82MDY60X7GPHYgEYAeu535', 1679337549, '{\"cookie\":{\"originalMaxAge\":null,\"expires\":null,\"httpOnly\":true,\"path\":\"/\"},\"user\":{\"id\":225,\"email\":\"t199511137@gmail.com\",\"name\":\"CHU-YA HSU\"}}');

-- --------------------------------------------------------

--
-- 資料表結構 `validity_period`
--

CREATE TABLE `validity_period` (
  `order_detail_id` int(11) NOT NULL,
  `start_time` datetime NOT NULL,
  `end_time` datetime NOT NULL,
  `additional` varchar(100) NOT NULL
) ENGINE=InnoDB DEFAULT CHARSET=utf8mb4;

--
-- 已傾印資料表的索引
--

--
-- 資料表索引 `activity`
--
ALTER TABLE `activity`
  ADD PRIMARY KEY (`activity_id`),
  ADD KEY `activity_pettype` (`activity_pettype`);

--
-- 資料表索引 `activityform`
--
ALTER TABLE `activityform`
  ADD PRIMARY KEY (`activityform_id`),
  ADD KEY `mid` (`mid`),
  ADD KEY `pet_id` (`pet_id`),
  ADD KEY `activity_id` (`activity_id`);

--
-- 資料表索引 `activitypettype`
--
ALTER TABLE `activitypettype`
  ADD PRIMARY KEY (`activity_pettype`);

--
-- 資料表索引 `member`
--
ALTER TABLE `member`
  ADD PRIMARY KEY (`mid`);

--
-- 資料表索引 `od`
--
ALTER TABLE `od`
  ADD PRIMARY KEY (`order_id`),
  ADD KEY `member_id` (`member_id`);

--
-- 資料表索引 `od_detail`
--
ALTER TABLE `od_detail`
  ADD PRIMARY KEY (`order_detail_id`),
  ADD KEY `order_id` (`order_id`),
  ADD KEY `product_id` (`product_id`),
  ADD KEY `type_id` (`type_id`);

--
-- 資料表索引 `pet`
--
ALTER TABLE `pet`
  ADD PRIMARY KEY (`pet_id`) USING BTREE,
  ADD KEY `mid` (`mid`);

--
-- 資料表索引 `product`
--
ALTER TABLE `product`
  ADD PRIMARY KEY (`product_id`),
  ADD KEY `product_type` (`product_type`);

--
-- 資料表索引 `product_likes`
--
ALTER TABLE `product_likes`
  ADD PRIMARY KEY (`sid`);

--
-- 資料表索引 `product_type`
--
ALTER TABLE `product_type`
  ADD PRIMARY KEY (`type_id`);

--
-- 資料表索引 `sessions`
--
ALTER TABLE `sessions`
  ADD PRIMARY KEY (`session_id`);

--
-- 資料表索引 `validity_period`
--
ALTER TABLE `validity_period`
  ADD PRIMARY KEY (`order_detail_id`);

--
-- 在傾印的資料表使用自動遞增(AUTO_INCREMENT)
--

--
-- 使用資料表自動遞增(AUTO_INCREMENT) `activity`
--
ALTER TABLE `activity`
  MODIFY `activity_id` int(11) NOT NULL AUTO_INCREMENT, AUTO_INCREMENT=29;

--
-- 使用資料表自動遞增(AUTO_INCREMENT) `activityform`
--
ALTER TABLE `activityform`
  MODIFY `activityform_id` int(11) NOT NULL AUTO_INCREMENT, AUTO_INCREMENT=3;

--
-- 使用資料表自動遞增(AUTO_INCREMENT) `member`
--
ALTER TABLE `member`
  MODIFY `mid` int(11) NOT NULL AUTO_INCREMENT, AUTO_INCREMENT=231;

--
-- 使用資料表自動遞增(AUTO_INCREMENT) `od`
--
ALTER TABLE `od`
  MODIFY `order_id` int(11) NOT NULL AUTO_INCREMENT, AUTO_INCREMENT=3;

--
-- 使用資料表自動遞增(AUTO_INCREMENT) `od_detail`
--
ALTER TABLE `od_detail`
  MODIFY `order_detail_id` int(11) NOT NULL AUTO_INCREMENT, AUTO_INCREMENT=4;

--
-- 使用資料表自動遞增(AUTO_INCREMENT) `pet`
--
ALTER TABLE `pet`
  MODIFY `pet_id` int(11) NOT NULL AUTO_INCREMENT, AUTO_INCREMENT=4;

--
-- 使用資料表自動遞增(AUTO_INCREMENT) `product`
--
ALTER TABLE `product`
  MODIFY `product_id` int(11) NOT NULL AUTO_INCREMENT, AUTO_INCREMENT=79;

--
-- 使用資料表自動遞增(AUTO_INCREMENT) `product_likes`
--
ALTER TABLE `product_likes`
  MODIFY `sid` int(11) NOT NULL AUTO_INCREMENT, AUTO_INCREMENT=39;

--
-- 使用資料表自動遞增(AUTO_INCREMENT) `product_type`
--
ALTER TABLE `product_type`
  MODIFY `type_id` int(11) NOT NULL AUTO_INCREMENT, AUTO_INCREMENT=6;

--
-- 使用資料表自動遞增(AUTO_INCREMENT) `validity_period`
--
ALTER TABLE `validity_period`
  MODIFY `order_detail_id` int(11) NOT NULL AUTO_INCREMENT, AUTO_INCREMENT=2;

--
-- 已傾印資料表的限制式
--

--
-- 資料表的限制式 `activity`
--
ALTER TABLE `activity`
  ADD CONSTRAINT `activity_ibfk_1` FOREIGN KEY (`activity_pettype`) REFERENCES `activitypettype` (`activity_pettype`);

--
-- 資料表的限制式 `activityform`
--
ALTER TABLE `activityform`
  ADD CONSTRAINT `activityform_ibfk_3` FOREIGN KEY (`mid`) REFERENCES `member` (`mid`),
  ADD CONSTRAINT `activityform_ibfk_4` FOREIGN KEY (`pet_id`) REFERENCES `pet` (`pet_id`),
  ADD CONSTRAINT `activityform_ibfk_5` FOREIGN KEY (`activity_id`) REFERENCES `activity` (`activity_id`);

--
-- 資料表的限制式 `od`
--
ALTER TABLE `od`
  ADD CONSTRAINT `od_ibfk_1` FOREIGN KEY (`member_id`) REFERENCES `member` (`mid`);

--
-- 資料表的限制式 `od_detail`
--
ALTER TABLE `od_detail`
  ADD CONSTRAINT `od_detail_ibfk_1` FOREIGN KEY (`order_id`) REFERENCES `od` (`order_id`),
  ADD CONSTRAINT `od_detail_ibfk_2` FOREIGN KEY (`product_id`) REFERENCES `product` (`product_id`),
  ADD CONSTRAINT `od_detail_ibfk_3` FOREIGN KEY (`type_id`) REFERENCES `product_type` (`type_id`);

--
-- 資料表的限制式 `pet`
--
ALTER TABLE `pet`
  ADD CONSTRAINT `pet_ibfk_1` FOREIGN KEY (`mid`) REFERENCES `member` (`mid`);

--
-- 資料表的限制式 `product`
--
ALTER TABLE `product`
  ADD CONSTRAINT `product_ibfk_1` FOREIGN KEY (`product_type`) REFERENCES `product_type` (`type_id`);

--
-- 資料表的限制式 `validity_period`
--
ALTER TABLE `validity_period`
  ADD CONSTRAINT `validity_period_ibfk_1` FOREIGN KEY (`order_detail_id`) REFERENCES `od_detail` (`order_detail_id`);
COMMIT;

/*!40101 SET CHARACTER_SET_CLIENT=@OLD_CHARACTER_SET_CLIENT */;
/*!40101 SET CHARACTER_SET_RESULTS=@OLD_CHARACTER_SET_RESULTS */;
/*!40101 SET COLLATION_CONNECTION=@OLD_COLLATION_CONNECTION */;
